filename,width,height,class,xmin,ymin,xmax,ymax
augmented_image_257.jpg,301,461,with_mask,109,32,277,228
augmented_image_273.jpg,320,428,with_mask,36,63,292,368
1623131255655.jpg,250,202,with_mask,107,31,141,71
1623131255655.jpg,250,202,with_basket,74,140,167,190
92.jpg,332,455,without_mask,28,88,312,394
179-with-mask.jpg,189,267,with_mask,17,29,174,233
augmented_image_220 (2).jpg,320,428,without_mask,33,100,289,334
maxresdefault.jpg,1280,720,without_mask,496,149,810,534
366-with-mask.jpg,228,221,with_mask,84,22,188,163
149.jpg,320,428,without_mask,50,82,288,394
1623573535716_40_11zon.jpg,187,269,without_mask,93,53,128,94
1623573535716_40_11zon.jpg,187,269,with_basket,30,163,158,269
augmented_image_56.jpg,259,194,with_mask,27,12,183,183
augmented_image_68 (2).jpg,166,251,without_mask,31,42,118,163
augmented_image_317.jpg,864,864,without_mask,38,120,425,581
augmented_image_196 (2).jpg,193,261,without_mask,14,45,174,236
augmented_image_266 (2).jpg,258,195,without_mask,78,53,168,173
augmented_image_2 (2).jpg,408,411,without_mask,119,141,279,281
augmented_image_48.jpg,308,384,with_mask,21,87,247,350
augmented_image_46.jpg,320,428,with_mask,46,86,320,401
471-with-mask.jpg,320,433,with_mask,28,58,293,359
augmented_image_33.jpg,353,344,with_mask,86,92,253,257
augmented_image_171.jpg,960,960,with_mask,290,113,627,487
81.jpg,209,258,without_mask,24,58,181,217
augmented_image_69.jpg,312,351,with_mask,41,45,263,278
304-with-mask.jpg,320,428,with_mask,50,62,285,343
augmented_image_270.jpg,226,280,with_mask,25,61,170,188
138-with-mask.jpg,956,960,with_mask,352,314,601,552
394-with-mask.jpg,320,428,with_mask,36,62,289,388
augmented_image_82 (2).jpg,864,864,without_mask,83,138,451,613
augmented_image_161 (2).jpg,320,433,without_mask,12,76,274,363
1623573827699_49_11zon.jpg,215,234,without_mask,89,18,110,44
1623573827699_49_11zon.jpg,215,234,with_basket,16,102,123,223
378-with-mask.jpg,299,168,with_mask,125,1,289,130
389.jpg,195,259,without_mask,42,44,156,159
augmented_image_208 (2).jpg,249,203,without_mask,55,34,192,182
augmented_image_115.jpg,303,166,with_mask,56,1,246,165
415-with-mask.jpg,320,433,with_mask,38,90,304,364
augmented_image_35 (2).jpg,576,960,without_mask,233,248,395,455
augmented_image_205.jpg,320,428,with_mask,44,61,301,386
augmented_image_280 (2).jpg,320,428,without_mask,23,70,305,371
1623510031078.jpg,183,275,without_mask,102,13,141,67
1623510031078.jpg,183,275,with_basket,1,165,146,272
augmented_image_129.jpg,960,960,with_mask,317,91,621,480
augmented_image_311 (2).jpg,336,427,without_mask,39,89,229,321
286-with-mask.jpg,320,428,with_mask,55,71,314,375
augmented_image_13.jpg,184,274,with_mask,41,57,134,176
Female-Face-Mask-732x549-thumbnail-1-732x549.jpg,732,549,with_mask,244,2,537,372
augmented_image_79 (2).jpg,864,864,without_mask,99,120,428,600
1623573120435_32_11zon.jpg,193,261,without_mask,74,34,96,62
1623573120435_32_11zon.jpg,193,261,with_basket,98,123,147,245
12.jpg,320,428,without_mask,62,68,296,361
augmented_image_319.jpg,864,864,without_mask,419,195,837,635
r236210-950860.jpg,600,399,with_mask,72,1,592,377
1623574446661_76_11zon.jpg,275,183,without_mask,69,8,91,32
1623574446661_76_11zon.jpg,275,183,with_basket,103,73,184,178
augmented_image_3.jpg,205,251,with_mask,56,65,174,174
377-with-mask.jpg,183,275,with_mask,54,38,136,135
augmented_image_131.jpg,960,960,with_mask,344,110,668,485
image15.jpg,500,614,with_basket,11,18,488,581
augmented_image_183 (2).jpg,190,265,without_mask,28,28,174,194
augmented_image_287.jpg,190,318,with_mask,7,62,151,225
315-with-mask.jpg,320,428,with_mask,42,99,285,380
323-with-mask.jpg,225,225,with_mask,39,37,189,209
augmented_image_245.jpg,320,428,with_mask,27,67,299,361
477-with-mask.jpg,320,428,with_mask,56,55,300,353
1623131710777.jpg,275,183,with_mask,94,31,140,78
1623131710777.jpg,275,183,with_basket,10,123,130,181
315.jpg,320,428,without_mask,42,77,279,376
348-with-mask.jpg,320,428,with_mask,38,77,292,371
augmented_image_222 (2).jpg,320,428,without_mask,52,77,291,369
augmented_image_91 (2).jpg,154,225,without_mask,29,34,133,167
augmented_image_118 (2).jpg,320,428,without_mask,26,87,270,369
3.jpg,320,433,without_mask,17,48,293,352
augmented_image_16.jpg,259,194,with_mask,79,16,197,153
augmented_image_201.jpg,400,436,with_mask,66,86,262,316
125.jpg,327,433,without_mask,68,88,281,354
basket38.jpg,1300,1065,with_basket,74,499,624,941
basket38.jpg,1300,1065,with_basket,644,447,983,818
basket38.jpg,1300,1065,without_mask,472,260,553,347
435.jpg,960,768,without_mask,217,50,669,675
117-with-mask.jpg,320,428,with_mask,28,78,296,368
basket18.jpg,1200,900,with_basket,176,41,1128,888
169-with-mask.jpg,257,196,with_mask,98,19,238,168
augmented_image_145.jpg,320,428,with_mask,50,72,312,354
augmented_image_184.jpg,229,220,with_mask,72,25,151,144
29-with-mask.jpg,320,428,with_mask,57,113,279,371
1623510060568.jpg,275,183,with_mask,103,13,145,63
1623510060568.jpg,275,183,with_basket,78,129,186,183
augmented_image_295 (2).jpg,428,484,without_mask,68,76,367,375
augmented_image_122.jpg,320,433,with_mask,49,98,304,355
323.jpg,225,225,without_mask,42,34,184,210
1623131574153.jpg,275,183,with_mask,153,12,188,58
1623131574153.jpg,275,183,with_basket,158,133,275,183
gettyimages-1181396760.jpg,2121,1414,with_mask,686,154,1505,1211
1623132440542.jpg,262,192,without_mask,165,8,188,38
1623132440542.jpg,262,192,with_basket,142,93,217,174
augmented_image_290.jpg,320,428,without_mask,65,64,267,382
16-with-mask.jpg,332,432,with_mask,66,97,272,315
basket14.jpg,480,480,with_basket,40,23,436,449
164.jpg,192,262,without_mask,29,51,156,212
172-with-mask.jpg,259,194,with_mask,73,22,178,150
augmented_image_231.jpg,320,428,without_mask,31,56,287,391
augmented_image_78 (2).jpg,864,864,without_mask,95,130,432,612
245-with-mask.jpg,199,253,with_mask,39,77,159,196
1623509017905.jpg,211,238,with_basket,1,7,151,227
augmented_image_292.jpg,165,208,without_mask,40,21,126,129
augmented_image_68.jpg,312,351,with_mask,42,42,264,274
augmented_image_199 (2).jpg,193,261,without_mask,19,36,172,226
augmented_image_216 (2).jpg,271,338,without_mask,81,79,237,238
309-with-mask.jpg,320,428,with_mask,46,75,304,381
augmented_image_11.jpg,184,274,with_mask,49,46,149,179
1623574437987_75_11zon.jpg,183,275,without_mask,68,57,87,85
1623574437987_75_11zon.jpg,183,275,with_basket,62,132,158,251
90.jpg,320,428,without_mask,38,84,274,363
116-with-mask.jpg,300,300,with_mask,99,21,226,146
augmented_image_180 (2).jpg,768,960,without_mask,2,1,506,452
augmented_image_276.jpg,320,428,without_mask,40,76,292,364
FLUIDSHIELD-N95-RESPIRATOR-REGULAR-PFR95-170-24511871.jpg,1000,999,with_mask,334,186,866,806
augmented_image_175.jpg,214,244,with_mask,26,44,163,177
338-with-mask.jpg,318,442,with_mask,52,89,284,391
augmented_image_126 (2).jpg,320,428,without_mask,33,74,283,366
gettyimages-915227284-1024x1024.jpg,1024,682,without_mask,281,99,680,598
augmented_image_203.jpg,320,433,with_mask,23,60,302,357
1623573755481_46_11zon.jpg,220,229,without_mask,138,12,159,39
1623573755481_46_11zon.jpg,220,229,with_basket,39,87,150,215
0-with-mask.jpg,525,350,with_mask,231,61,377,234
386-with-mask.jpg,408,411,with_mask,115,138,298,297
gettyimages-713771083-1024x1024.jpg,1024,682,with_mask,281,5,780,625
augmented_image_1.jpg,320,428,with_mask,31,89,297,369
439.jpg,250,283,without_mask,32,49,174,196
293.jpg,320,428,without_mask,44,65,286,360
39a923aa.jpg,1200,675,with_mask,386,194,594,459
103-with-mask.jpg,320,428,with_mask,31,85,289,407
augmented_image_143 (2).jpg,290,417,without_mask,38,72,282,325
1623131730073.jpg,303,166,with_mask,122,22,153,59
1623131730073.jpg,303,166,with_basket,144,101,209,165
235-with-mask.jpg,320,428,with_mask,60,53,291,347
156.jpg,260,194,without_mask,84,30,200,149
augmented_image_127.jpg,318,442,with_mask,56,91,293,356
augmented_image_119.jpg,320,428,with_mask,38,67,308,385
1623131306095.jpg,259,194,with_mask,111,13,129,41
1623131306095.jpg,259,194,with_basket,94,82,155,188
259.jpg,327,433,without_mask,65,87,293,383
augmented_image_22 (2).jpg,165,208,without_mask,41,26,132,128
augmented_image_315.jpg,450,400,with_mask,119,60,414,345
376.jpg,320,428,without_mask,54,63,304,375
188.jpg,259,194,without_mask,70,25,189,155
462.jpg,189,258,without_mask,12,45,175,243
1623574139091_70_11zon.jpg,194,259,without_mask,98,15,125,50
1623574139091_70_11zon.jpg,194,259,with_basket,12,142,93,250
1623573145372_35_11zon.jpg,194,259,without_mask,57,33,80,66
1623573145372_35_11zon.jpg,194,259,with_basket,86,122,152,247
augmented_image_24.jpg,400,436,with_mask,134,78,340,290
923666b49a777e3dcc2ca902496e6e5d.jpg,958,859,without_mask,142,108,907,833
augmented_image_44 (2).jpg,320,428,without_mask,38,74,286,416
gettyimages-1179627332-1024x1024.jpg,1024,682,without_mask,432,129,656,420
1623510009831.jpg,192,262,without_mask,63,38,99,85
1623510009831.jpg,192,262,with_basket,50,163,173,256
augmented_image_287 (2).jpg,154,225,without_mask,18,26,134,185
augmented_image_84 (2).jpg,179,281,without_mask,49,42,139,147
321.jpg,320,428,without_mask,39,68,275,378
358-with-mask.jpg,320,428,with_mask,28,50,291,372
augmented_image_182 (2).jpg,190,265,without_mask,28,24,170,201
augmented_image_237 (2).jpg,195,259,without_mask,1,11,193,247
445-with-mask.jpg,232,217,with_mask,37,13,205,201
80.jpg,167,249,without_mask,15,44,144,185
441-with-mask.jpg,398,425,with_mask,49,77,243,286
augmented_image_268.jpg,114,141,with_mask,1,39,99,131
136-with-mask.jpg,285,372,with_mask,18,62,250,292
indian-faces-3548.JPG,680,1024,without_mask,153,186,667,764
6d67f5802aa639042ff19602b40b7a81.jpg,427,640,without_mask,70,103,399,444
augmented_image_309.jpg,320,428,without_mask,13,63,292,368
345.jpg,320,428,without_mask,46,71,298,375
1623572660206_5_11zon.jpg,265,190,without_mask,115,23,136,48
1623572660206_5_11zon.jpg,265,190,with_basket,125,75,205,159
175-with-mask.jpg,225,225,with_mask,57,29,163,148
augmented_image_160.jpg,297,455,with_mask,5,93,285,431
151-with-mask.jpg,273,400,with_mask,11,86,262,370
449.jpg,167,241,without_mask,51,57,108,123
238-with-mask.jpg,187,270,with_mask,51,95,133,180
76-with-mask.jpg,244,303,with_mask,7,69,182,250
1623573980270_67_11zon.jpg,226,223,without_mask,143,3,168,32
1623573980270_67_11zon.jpg,226,223,with_basket,34,93,143,215
basket36.jpg,1500,1000,with_basket,982,540,1373,999
basket36.jpg,1500,1000,without_mask,955,98,1089,242
374.jpg,336,427,without_mask,35,110,255,339
252-with-mask.jpg,320,428,with_mask,41,62,292,364
augmented_image_314 (2).jpg,336,427,without_mask,43,106,234,325
augmented_image_245 (2).jpg,320,428,without_mask,29,131,277,356
157.jpg,374,584,without_mask,54,141,359,512
460-with-mask.jpg,273,184,with_mask,59,2,200,166
223.jpg,183,275,without_mask,10,8,165,194
1623573860588_53_11zon.jpg,193,262,without_mask,35,40,53,62
1623573860588_53_11zon.jpg,193,262,with_basket,43,100,159,237
127.jpg,190,265,without_mask,15,50,158,197
augmented_image_219 (2).jpg,320,428,without_mask,23,86,273,363
338.jpg,318,442,without_mask,56,70,304,385
284-with-mask.jpg,398,576,with_mask,92,98,375,407
augmented_image_50.jpg,308,384,with_mask,1,92,222,349
augmented_image_108.jpg,205,246,with_mask,37,57,171,216
1623572566440_2_11zon.jpg,221,228,with_basket,1,2,127,224
176.jpg,320,428,without_mask,37,103,290,369
438.jpg,194,259,without_mask,56,64,148,178
1623572896549_19_11zon.jpg,263,192,without_mask,58,7,85,42
1623572896549_19_11zon.jpg,263,192,with_basket,1,113,104,175
augmented_image_127 (2).jpg,320,428,without_mask,36,76,274,365
augmented_image_153.jpg,209,267,with_mask,25,51,147,176
augmented_image_182.jpg,229,220,with_mask,67,22,151,136
222.jpg,320,428,without_mask,42,87,281,372
augmented_image_115 (2).jpg,320,428,without_mask,43,56,309,373
333-with-mask.jpg,320,428,with_mask,54,60,286,365
augmented_image_204 (2).jpg,480,480,without_mask,89,51,314,301
140-with-mask.jpg,320,428,with_mask,46,100,285,378
augmented_image_178.jpg,214,244,with_mask,25,41,152,183
236-with-mask.jpg,320,428,with_mask,69,102,294,346
24-with-mask.jpg,349,367,with_mask,31,83,250,282
augmented_image_31.jpg,351,366,with_mask,80,68,297,289
augmented_image_96 (2).jpg,320,428,without_mask,25,90,292,360
augmented_image_99.jpg,199,253,with_mask,35,46,164,197
239-with-mask.jpg,320,428,with_mask,65,107,306,374
augmented_image_63.jpg,510,340,with_mask,242,50,391,208
13.jpg,320,428,without_mask,29,72,292,373
augmented_image_120.jpg,320,428,with_mask,17,58,282,390
1623573838531_51_11zon.jpg,177,285,without_mask,77,41,98,71
1623573838531_51_11zon.jpg,177,285,with_basket,16,123,104,262
augmented_image_169 (2).jpg,309,322,without_mask,98,74,262,246
86.jpg,320,428,without_mask,31,68,310,349
172.jpg,259,194,without_mask,64,9,183,157
the-lite-one-surgical-mask-green-48105-angled-copy.jpg,1500,1500,with_mask,531,389,1145,1072
7-with-mask.jpg,327,475,with_mask,19,64,327,394
1623574432780_74_11zon.jpg,275,183,without_mask,67,8,89,31
1623574432780_74_11zon.jpg,275,183,with_basket,102,73,186,177
6-with-mask.jpg,510,340,with_mask,240,67,391,224
augmented_image_90 (2).jpg,275,183,without_mask,88,31,169,127
man-wearing-surgical-mask-11976575.jpg,954,1300,with_mask,221,222,781,865
133-with-mask.jpg,320,428,with_mask,65,89,296,376
1623510013105.jpg,178,283,without_mask,71,43,104,88
1623510013105.jpg,178,283,with_basket,27,165,132,268
augmented_image_147.jpg,237,252,with_mask,57,43,165,161
augmented_image_94 (2).jpg,320,428,without_mask,47,77,267,347
147-with-mask.jpg,173,221,with_mask,11,55,141,174
1623573056270_26_11zon.jpg,196,257,with_basket,33,111,175,235
augmented_image_133.jpg,320,428,with_mask,23,80,282,374
286.jpg,320,428,without_mask,49,81,313,373
154.jpg,226,250,without_mask,21,27,179,200
11707.jpg,350,519,without_mask,55,87,321,439
augmented_image_264.jpg,225,225,with_mask,55,37,165,143
1623510047292.jpg,275,183,with_mask,171,15,204,53
1623510047292.jpg,275,183,with_basket,149,121,253,182
augmented_image_164.jpg,285,372,with_mask,28,59,269,300
439-with-mask.jpg,250,283,with_mask,33,68,172,200
augmented_image_58 (2).jpg,232,217,without_mask,43,30,189,197
137-with-mask.jpg,259,194,with_mask,63,36,179,160
244.jpg,209,247,without_mask,43,49,186,202
augmented_image_102.jpg,327,475,with_mask,20,75,315,416
augmented_image_45.jpg,320,428,with_mask,53,90,292,381
5022193.jpg,800,600,with_mask,374,45,686,478
329.jpg,437,400,without_mask,56,52,304,352
basket13.jpg,750,750,with_basket,86,90,702,646
32-with-mask.jpg,317,458,with_mask,54,104,216,289
1623495006335.jpg,225,225,with_basket,11,42,215,209
augmented_image_194.jpg,167,249,with_mask,11,32,136,184
augmented_image_289.jpg,190,318,with_mask,34,69,188,228
397.jpg,320,428,without_mask,43,61,280,333
Indian-faces-0741.JPG,1260,837,without_mask,468,182,883,564
49.jpg,182,276,without_mask,25,61,166,240
augmented_image_227.jpg,320,428,with_mask,37,102,310,372
basket47.jpg,590,350,with_basket,152,132,432,342
44a0110a-fb6b-4e24-ba06-8c0b91fc06db.jpg,1180,842,without_mask,293,192,742,682
44.jpg,320,428,without_mask,69,115,285,370
top-50-best-faces.jpg,600,450,without_mask,80,36,535,440
1623131637788.jpg,275,183,without_mask,104,13,132,49
1623131637788.jpg,275,183,with_basket,24,117,152,181
249.jpg,313,423,without_mask,26,113,233,360
328.jpg,576,960,without_mask,161,217,381,442
basket31.jpg,1416,720,with_basket,742,328,1134,716
basket31.jpg,1416,720,without_mask,893,12,994,112
basket31.jpg,1416,720,without_mask,1087,70,1181,166
151.jpg,273,400,without_mask,18,48,248,367
168-with-mask.jpg,225,240,with_mask,34,26,199,173
augmented_image_281 (2).jpg,320,428,without_mask,33,92,288,390
50.jpg,192,262,without_mask,29,24,161,159
393-with-mask.jpg,467,518,with_mask,83,80,357,372
augmented_image_40.jpg,297,455,with_mask,1,100,274,411
106.jpg,348,480,with_mask,59,39,259,276
434-with-mask.jpg,320,428,with_mask,59,91,299,349
augmented_image_314.jpg,320,433,with_mask,36,105,304,381
basket17.jpg,1300,956,with_basket,541,283,1124,875
basket17.jpg,1300,956,without_mask,1083,65,1193,174
99-with-mask.jpg,327,433,with_mask,31,69,291,360
422-with-mask.jpg,209,267,with_mask,24,55,146,171
augmented_image_35.jpg,191,213,with_mask,59,40,153,130
108-with-mask.jpg,320,428,with_mask,42,101,291,366
basket20.jpg,615,516,with_basket,132,141,565,515
478-with-mask.jpg,338,443,with_mask,21,37,303,368
233-with-mask.jpg,249,203,with_mask,55,47,194,190
augmented_image_301.jpg,412,501,without_mask,77,90,345,434
1623495220445.jpg,225,225,with_basket,35,3,185,216
augmented_image_297.jpg,428,484,without_mask,127,86,341,371
73.jpg,224,240,without_mask,66,33,177,150
augmented_image_222.jpg,320,428,with_mask,39,98,268,350
augmented_image_58.jpg,225,225,with_mask,33,15,179,177
305-with-mask.jpg,545,597,with_mask,113,199,418,550
1623572668169_7_11zon.jpg,262,192,without_mask,152,9,171,32
1623572668169_7_11zon.jpg,262,192,with_basket,68,68,151,166
augmented_image_139 (2).jpg,320,428,without_mask,81,90,281,372
128-with-mask.jpg,312,351,with_mask,42,53,262,271
augmented_image_272.jpg,320,428,without_mask,56,90,292,352
augmented_image_91.jpg,320,428,with_mask,49,45,307,370
augmented_image_251 (2).jpg,226,280,without_mask,33,67,160,191
image14.jpg,224,224,with_basket,20,29,200,198
423.jpg,156,221,without_mask,24,33,132,176
augmented_image_293.jpg,165,208,without_mask,36,18,129,130
222-with-mask.jpg,320,428,with_mask,36,105,286,361
192-with-mask.jpg,480,640,with_mask,169,203,298,341
115-with-mask.jpg,320,428,with_mask,36,66,282,369
augmented_image_62 (2).jpg,232,217,without_mask,49,29,185,200
15.jpg,320,428,without_mask,38,57,288,370
1623572669814_8_11zon.jpg,181,279,without_mask,52,40,76,69
1623572669814_8_11zon.jpg,181,279,with_basket,57,118,163,242
augmented_image_195.jpg,183,275,with_mask,15,18,167,200
1623572982296.jpg,1199,800,with_mask,314,100,413,223
1623572982296.jpg,1199,800,with_basket,236,456,559,800
f1e76e5e30e000461e6775bf7ce28aad.jpg,936,1600,without_mask,70,138,768,993
230.jpg,353,502,without_mask,46,50,338,421
augmented_image_250.jpg,226,280,without_mask,73,62,190,190
234-with-mask.jpg,290,417,with_mask,19,118,246,328
97dfc5ff479b5f6d91b42c1453be000f.jpg,640,960,without_mask,81,157,542,652
image11.jpg,407,500,with_basket,24,8,391,459
augmented_image_62.jpg,340,417,with_mask,55,89,284,341
augmented_image_48 (2).jpg,209,267,without_mask,74,54,187,190
augmented_image_112 (2).jpg,320,428,without_mask,11,86,272,370
augmented_image_14.jpg,259,194,with_mask,71,24,183,151
depositphotos-8449546-stock-photo-flu-illness-child-boy-in.jpg,1023,749,with_mask,254,31,830,595
flu-surgical-face-mask.jpg,900,500,with_mask,485,51,592,179
augmented_image_123 (2).jpg,320,428,without_mask,30,84,305,370
1623573933897_64_11zon.jpg,183,275,without_mask,28,34,50,64
1623573933897_64_11zon.jpg,183,275,with_basket,59,111,174,256
augmented_image_81.jpg,257,196,with_mask,96,16,236,172
217.jpg,327,433,without_mask,63,52,284,337
280.jpg,320,428,without_mask,52,74,296,378
gettyimages-688893863-1024x1024.jpg,1024,682,without_mask,310,55,595,484
306.jpg,320,428,without_mask,37,78,282,365
augmented_image_236.jpg,320,428,with_mask,32,95,291,366
augmented_image_240.jpg,525,350,with_mask,145,57,301,233
86-with-mask.jpg,320,428,with_mask,36,44,308,358
surgical-disposable-face-mask-250x250.jpg,500,500,with_mask,134,57,362,322
augmented_image_74 (2).jpg,263,347,without_mask,27,41,224,298
augmented_image_20 (2).jpg,320,428,without_mask,13,83,279,407
1623573104025_30_11zon.jpg,275,183,without_mask,122,52,139,67
1623573104025_30_11zon.jpg,275,183,with_basket,107,67,174,175
154-with-mask.jpg,226,250,with_mask,27,74,190,187
augmented_image_156.jpg,720,720,with_mask,218,157,692,700
augmented_image_67 (2).jpg,658,382,without_mask,162,21,351,239
augmented_image_152 (2).jpg,203,248,without_mask,67,54,129,111
augmented_image_142.jpg,110,222,with_mask,2,58,110,208
augmented_image_76 (2).jpg,263,347,without_mask,23,64,232,306
132.jpg,720,540,without_mask,269,126,378,252
augmented_image_277.jpg,480,640,with_mask,160,186,302,342
297-with-mask.jpg,313,449,with_mask,1,115,247,337
augmented_image_223.jpg,320,428,with_mask,39,95,275,347
335.jpg,188,268,without_mask,36,42,162,165
384-with-mask.jpg,278,181,with_mask,67,18,139,91
3-with-mask.jpg,510,340,with_mask,211,39,312,156
augmented_image_197.jpg,400,436,with_mask,52,78,265,294
425-with-mask.jpg,320,428,with_mask,49,92,297,366
augmented_image_173 (2).jpg,320,428,without_mask,29,72,300,341
93-with-mask.jpg,230,332,with_mask,2,56,222,319
augmented_image_310 (2).jpg,320,428,without_mask,46,56,306,369
192.jpg,480,640,without_mask,178,197,300,343
348.jpg,320,428,without_mask,41,76,296,356
pm.jpg,2448,3264,without_mask,770,293,2149,1969
414-with-mask.jpg,353,344,with_mask,85,91,264,254
augmented_image_21 (2).jpg,165,208,without_mask,40,21,123,123
15-with-mask.jpg,467,350,with_mask,107,29,345,274
augmented_image_18.jpg,351,366,with_mask,83,71,290,296
233.jpg,249,203,without_mask,61,45,194,190
basket30.jpg,750,563,with_basket,394,332,641,563
basket30.jpg,750,563,with_basket,266,304,392,429
basket30.jpg,750,563,without_mask,454,234,485,285
basket30.jpg,750,563,without_mask,700,196,745,251
basket30.jpg,750,563,without_mask,370,238,388,259
augmented_image_70 (2).jpg,166,251,without_mask,29,38,129,159
augmented_image_32 (2).jpg,768,960,without_mask,289,133,610,584
418-with-mask.jpg,276,416,with_mask,27,92,209,309
453-with-mask.jpg,320,433,with_mask,39,97,285,366
basket10.jpg,360,360,with_basket,59,17,289,346
1623132429621.jpg,177,285,without_mask,24,21,70,84
1623132429621.jpg,177,285,with_basket,7,167,145,267
1623131569951.jpg,275,183,with_mask,160,5,185,41
1623131569951.jpg,275,183,with_basket,130,111,217,183
269.jpg,277,405,without_mask,59,53,235,273
basket6.jpg,550,550,with_basket,27,34,523,520
1623572760409_13_11zon.jpg,216,233,without_mask,114,25,131,47
1623572760409_13_11zon.jpg,216,233,with_basket,79,72,144,209
1623131572173.jpg,275,183,with_mask,120,19,159,70
1623131572173.jpg,275,183,with_basket,137,118,274,183
424.jpg,640,480,without_mask,3,29,365,350
augmented_image_1 (2).jpg,408,411,without_mask,130,112,289,299
augmented_image_146.jpg,237,252,with_mask,57,51,161,162
augmented_image_215 (2).jpg,271,338,without_mask,81,67,235,241
augmented_image_187 (2).jpg,320,433,without_mask,24,37,287,370
190-with-mask.jpg,590,960,with_mask,174,181,482,477
339.jpg,353,554,without_mask,42,113,343,452
augmented_image_4 (2).jpg,289,277,without_mask,53,54,193,207
augmented_image_219.jpg,493,493,with_mask,159,33,336,246
augmented_image_254 (2).jpg,236,297,without_mask,31,62,216,214
basket21.jpg,600,600,with_basket,89,121,529,550
augmented_image_179.jpg,327,433,with_mask,41,61,285,373
42.jpg,301,416,without_mask,1,53,297,383
augmented_image_210 (2).jpg,249,203,without_mask,46,40,200,177
augmented_image_71 (2).jpg,320,428,without_mask,48,83,290,362
108.jpg,320,428,without_mask,56,113,279,370
367.jpg,320,428,without_mask,29,49,285,378
1623509187116.jpg,278,181,without_mask,50,15,67,35
1623509187116.jpg,278,181,with_basket,33,61,83,155
141.jpg,197,256,without_mask,16,11,180,237
augmented_image_131 (2).jpg,320,433,without_mask,45,42,314,374
64-with-mask.jpg,320,428,with_mask,64,63,302,374
basket25.jpg,500,300,without_mask,346,8,381,57
basket25.jpg,500,300,with_basket,238,188,412,298
89-with-mask.jpg,531,800,with_mask,58,195,445,565
A3600-2-info-1.jpg,500,500,with_mask,87,82,429,427
132-with-mask.jpg,720,540,with_mask,270,122,378,253
augmented_image_225.jpg,320,428,without_mask,44,61,288,354
augmented_image_89.jpg,320,433,with_mask,18,45,295,343
95.jpg,320,428,without_mask,26,97,287,378
augmented_image_42.jpg,297,455,with_mask,22,102,297,413
augmented_image_77.jpg,320,428,with_mask,43,54,293,359
37636006-sick-little-girl-with-surgical-face-mask-for-bacter.jpg,1300,861,with_mask,371,90,909,646
augmented_image_254.jpg,797,650,with_mask,174,143,561,552
augmented_image_238 (2).jpg,195,259,without_mask,5,11,195,249
augmented_image_296.jpg,233,350,with_mask,58,59,176,178
1623131323616.jpg,275,183,with_mask,47,5,86,48
1623131323616.jpg,275,183,with_basket,31,114,157,182
augmented_image_112.jpg,205,246,with_mask,41,57,169,214
97-with-mask.jpg,327,433,with_mask,47,59,299,347
augmented_image_80 (2).jpg,864,864,without_mask,42,112,421,623
1623574157553_71_11zon.jpg,194,259,without_mask,57,33,83,67
1623574157553_71_11zon.jpg,194,259,with_basket,89,119,151,247
augmented_image_55.jpg,259,194,with_mask,37,4,188,180
augmented_image_118.jpg,320,428,with_mask,36,70,298,394
augmented_image_172.jpg,320,428,with_mask,32,94,296,381
1623496165739.jpg,203,249,with_basket,14,12,196,243
19-with-mask.jpg,603,340,with_mask,256,64,400,225
augmented_image_13 (2).jpg,320,428,without_mask,36,53,271,378
augmented_image_188 (2).jpg,320,433,without_mask,48,45,307,350
1623510074282.jpg,626,417,with_mask,347,80,412,168
1623510074282.jpg,626,417,with_basket,333,292,525,405
augmented_image_141 (2).jpg,320,428,without_mask,64,80,303,383
1623510173201.jpg,1300,956,with_mask,680,66,788,204
1623510173201.jpg,1300,956,with_basket,587,443,966,863
322-with-mask.jpg,204,247,with_mask,61,6,166,150
augmented_image_128.jpg,318,442,with_mask,49,82,296,354
basket26.jpg,1200,1200,with_basket,321,604,546,1006
basket26.jpg,1200,1200,with_mask,536,396,612,477
basket26.jpg,1200,1200,with_mask,435,414,499,495
augmented_image_5.jpg,205,251,with_mask,66,59,178,173
285.jpg,365,418,without_mask,71,58,290,297
augmented_image_134 (2).jpg,540,720,without_mask,166,102,412,384
augmented_image_279.jpg,320,428,without_mask,38,66,292,376
augmented_image_93 (2).jpg,320,428,without_mask,50,92,287,349
330.jpg,320,428,without_mask,42,64,294,368
augmented_image_256 (2).jpg,236,297,without_mask,32,55,185,222
1623573169974_36_11zon.jpg,194,259,without_mask,54,32,82,65
1623573169974_36_11zon.jpg,194,259,with_basket,86,124,151,245
augmented_image_105 (2).jpg,199,254,without_mask,58,15,193,171
augmented_image_183.jpg,229,220,with_mask,74,19,162,136
169.jpg,257,196,without_mask,108,24,232,172
augmented_image_143.jpg,320,428,with_mask,55,88,307,360
425.jpg,320,428,without_mask,47,78,290,359
277-with-mask.jpg,320,428,with_mask,52,65,301,365
297.jpg,313,449,without_mask,18,60,242,347
463.jpg,320,433,without_mask,41,90,303,358
augmented_image_224.jpg,320,428,without_mask,29,84,291,365
88-with-mask.jpg,303,166,with_mask,48,1,241,166
1623131897767.jpg,2560,1706,with_mask,1353,202,1719,657
1623131897767.jpg,2560,1706,with_basket,971,1176,2295,1706
augmented_image_152.jpg,209,267,with_mask,64,42,185,179
augmented_image_184 (2).jpg,320,428,without_mask,43,50,275,357
balwinder-singh.jpg,759,422,without_mask,141,14,641,422
image.jpg,620,349,with_mask,206,4,498,310
augmented_image_16 (2).jpg,320,428,without_mask,45,96,314,385
411.jpg,114,141,without_mask,3,20,101,127
55.jpg,540,720,without_mask,183,116,413,386
1623131245878.jpg,275,183,with_mask,131,22,146,41
1623131245878.jpg,275,183,with_basket,114,77,168,169
388.jpg,320,433,without_mask,46,72,281,364
1623573319103_37_11zon.jpg,194,259,without_mask,75,7,100,45
1623573319103_37_11zon.jpg,194,259,with_basket,11,92,91,180
211.jpg,225,225,without_mask,60,84,157,186
270-with-mask.jpg,408,432,with_mask,29,45,314,332
augmented_image_25.jpg,400,436,with_mask,143,66,336,306
405.jpg,271,338,without_mask,67,59,231,235
1623573916160_60_11zon.jpg,181,278,without_mask,127,18,150,48
1623573916160_60_11zon.jpg,181,278,with_basket,16,102,136,247
1623573584341_41_11zon.jpg,183,276,without_mask,80,31,111,69
1623573584341_41_11zon.jpg,183,276,with_basket,65,147,179,270
augmented_image_244 (2).jpg,320,428,without_mask,59,140,312,378
augmented_image_39 (2).jpg,189,258,without_mask,17,41,176,226
481-with-mask.jpg,225,225,with_mask,37,29,189,215
399-with-mask.jpg,320,428,with_mask,29,58,285,382
334-with-mask.jpg,191,263,with_mask,44,48,146,157
4023267.jpg,1500,1120,without_mask,507,44,963,606
1623573097467_29_11zon.jpg,262,192,with_mask,121,34,141,61
1623573097467_29_11zon.jpg,262,192,with_basket,93,111,162,174
augmented_image_99 (2).jpg,259,194,without_mask,71,19,183,148
augmented_image_306.jpg,183,275,with_mask,45,51,143,153
170.jpg,203,248,without_mask,65,55,133,110
354.jpg,289,277,without_mask,37,55,209,221
augmented_image_63 (2).jpg,658,382,without_mask,145,51,332,245
augmented_image_26.jpg,295,400,with_mask,43,31,236,231
163-with-mask.jpg,320,433,with_mask,26,72,294,363
1623510168352.jpg,177,284,with_mask,96,105,113,119
1623510168352.jpg,177,284,with_basket,86,141,144,266
467.jpg,298,452,without_mask,24,40,258,325
1623573129164_33_11zon.jpg,194,259,without_mask,107,13,129,44
1623573129164_33_11zon.jpg,194,259,with_basket,19,129,114,242
augmented_image_114 (2).jpg,320,428,without_mask,42,69,311,377
augmented_image_138 (2).jpg,320,428,without_mask,37,92,235,368
augmented_image_285 (2).jpg,154,225,without_mask,22,35,136,170
452.jpg,236,297,without_mask,33,52,194,224
augmented_image_37 (2).jpg,320,428,without_mask,61,86,302,371
19.jpg,320,428,without_mask,52,93,288,367
augmented_image_87.jpg,278,309,with_mask,22,34,186,197
35-with-mask.jpg,320,428,with_mask,51,37,292,354
augmented_image_66 (2).jpg,658,382,without_mask,131,50,346,260
augmented_image_188.jpg,960,960,with_mask,333,112,660,485
241.jpg,229,220,without_mask,71,23,165,144
426.jpg,511,496,without_mask,33,50,287,311
326.jpg,323,339,without_mask,50,76,251,302
augmented_image_106.jpg,327,433,with_mask,55,46,299,342
205-with-mask.jpg,318,159,with_mask,106,30,204,137
1623509155196.jpg,262,192,without_mask,139,26,167,64
1623509155196.jpg,262,192,with_basket,139,107,221,172
327-with-mask.jpg,720,720,with_mask,214,154,671,698
basket12.jpg,1000,1000,with_basket,88,58,942,955
augmented_image_300.jpg,271,338,with_mask,74,59,243,248
216.jpg,320,428,without_mask,50,79,296,366
augmented_image_3 (2).jpg,289,277,without_mask,54,56,207,224
138.jpg,956,960,without_mask,353,286,609,559
296-with-mask.jpg,320,433,with_mask,24,111,302,403
augmented_image_64.jpg,510,340,with_mask,247,66,383,217
10Pcs-pack-Disposable-Non-Woven-Black-Face-Mask-Earloop-Anti.jpg,640,640,with_mask,180,119,469,419
augmented_image_260.jpg,189,258,without_mask,30,56,182,238
407.jpg,320,428,without_mask,55,70,292,368
282-with-mask.jpg,320,428,with_mask,60,76,292,380
3a7f1529ad61ce21cd446b31e669b13f.jpg,477,720,without_mask,58,108,421,570
2-with-mask.jpg,510,340,with_mask,170,86,341,287
21-with-mask.jpg,493,493,with_mask,162,58,334,232
379.jpg,245,206,without_mask,64,25,181,177
247.jpg,155,157,without_mask,30,19,120,116
augmented_image_191.jpg,167,249,with_mask,15,27,142,183
248.jpg,315,395,without_mask,36,72,226,314
augmented_image_164 (2).jpg,320,428,without_mask,45,73,309,361
augmented_image_157 (2).jpg,320,433,without_mask,28,70,265,342
289-with-mask.jpg,276,182,with_mask,89,47,185,164
1623509083996.jpg,225,225,with_basket,25,23,191,190
augmented_image_148 (2).jpg,271,338,without_mask,35,40,233,224
352.jpg,198,276,without_mask,45,51,161,191
135.jpg,320,428,without_mask,61,79,263,362
augmented_image_154.jpg,209,267,with_mask,22,50,147,180
augmented_image_121.jpg,320,428,with_mask,39,69,310,392
281.jpg,205,246,without_mask,32,54,172,215
augmented_image_41 (2).jpg,189,258,without_mask,29,49,179,237
422.jpg,209,267,without_mask,31,61,134,177
6.jpg,589,439,without_mask,165,106,340,288
augmented_image_74.jpg,640,480,with_mask,7,20,377,354
40-with-mask.jpg,320,428,with_mask,25,57,293,367
129-with-mask.jpg,320,428,with_mask,48,92,292,385
basket37.jpg,1100,768,with_basket,440,420,1050,744
Indian-faces-0401.JPG,1260,837,without_mask,454,86,893,618
430.jpg,491,507,without_mask,51,22,423,429
augmented_image_232.jpg,183,275,with_mask,13,4,174,204
augmented_image_100.jpg,199,253,with_mask,33,54,161,194
454.jpg,320,433,without_mask,46,50,294,348
augmented_image_106 (2).jpg,199,254,without_mask,70,19,196,177
299.jpg,658,382,without_mask,143,11,364,248
441.jpg,398,425,without_mask,52,82,222,282
Flu-Face-Mask-1.jpg,1200,626,with_mask,317,46,536,320
augmented_image_73.jpg,640,480,with_mask,6,33,384,345
406.jpg,300,168,without_mask,49,34,159,156
213.jpg,341,456,without_mask,40,99,276,361
augmented_image_206 (2).jpg,249,203,without_mask,60,50,184,175
augmented_image_151 (2).jpg,203,248,without_mask,69,54,129,111
375.jpg,291,384,without_mask,45,72,232,295
106 (2).jpg,428,484,without_mask,145,110,362,371
349-with-mask.jpg,356,549,with_mask,21,182,356,539
1623131290532.jpg,275,183,with_mask,144,22,188,70
1623131290532.jpg,275,183,with_basket,102,126,247,183
231-with-mask.jpg,320,428,with_mask,49,61,287,347
augmented_image_285.jpg,300,168,with_mask,45,32,165,155
1623573108311_31_11zon.jpg,275,183,with_mask,111,47,125,63
1623573108311_31_11zon.jpg,275,183,with_basket,65,92,114,177
augmented_image_27.jpg,295,400,with_mask,66,38,255,236
basket5.jpg,381,500,with_basket,9,6,381,490
210.jpg,222,227,without_mask,16,8,216,214
augmented_image_90.jpg,320,428,with_mask,46,59,317,370
augmented_image_304.jpg,320,428,without_mask,54,85,254,381
1623509171369.jpg,1300,957,without_mask,826,74,947,221
1623509171369.jpg,1300,957,with_basket,653,497,1047,871
1623572557155_1_11zon.jpg,165,305,with_basket,1,1,163,287
1623573919736_61_11zon.jpg,179,281,without_mask,52,33,78,64
1623573919736_61_11zon.jpg,179,281,with_basket,42,116,160,273
Indian-faces-0644.JPG,680,1024,without_mask,202,227,539,668
augmented_image_53 (2).jpg,320,428,without_mask,33,60,273,353
392.jpg,320,428,without_mask,16,60,303,386
1623573813848_48_11zon.jpg,225,225,with_basket,59,5,162,212
augmented_image_60 (2).jpg,232,217,without_mask,42,29,191,196
254.jpg,166,251,without_mask,25,47,123,163
74032f1358d715e60db747f09267840f.jpg,676,1014,without_mask,79,102,572,682
augmented_image_89 (2).jpg,275,183,without_mask,88,27,173,120
augmented_image_6.jpg,320,428,with_mask,40,88,286,382
augmented_image_86 (2).jpg,179,281,without_mask,35,44,123,143
9-with-mask.jpg,410,350,with_mask,94,22,318,285
augmented_image_121 (2).jpg,320,428,without_mask,26,85,294,359
augmented_image_187.jpg,960,960,with_mask,343,128,671,490
171-with-mask.jpg,318,442,with_mask,37,84,289,374
412.jpg,354,340,without_mask,13,2,354,309
mask-GettyImages-Science-Photo-Library.jpg,800,536,with_mask,41,39,736,536
basket40.jpg,974,1390,with_basket,148,656,955,1294
1623131602027.jpg,192,263,with_mask,79,11,118,66
1623131602027.jpg,192,263,with_basket,1,134,169,245
-110603108-gettyimages-533567012.jpg,410,230,with_mask,147,31,291,223
478.jpg,338,443,without_mask,23,54,306,370
1623509022842.jpg,215,235,without_mask,112,5,131,29
1623509022842.jpg,215,235,with_basket,12,60,120,228
316.jpg,480,640,without_mask,59,35,314,337
1623131699072.jpg,275,183,with_mask,73,22,117,74
1623131699072.jpg,275,183,with_basket,20,155,162,183
grid-wide-surgical-mask-at752007.jpg,1200,574,with_mask,405,150,825,524
13-with-mask.jpg,524,350,with_mask,194,43,353,232
1623572956005_23_11zon.jpg,300,168,with_basket,106,27,198,145
113-with-mask.jpg,320,428,with_mask,37,61,278,357
453.jpg,320,433,without_mask,58,121,284,349
basket11.jpg,500,480,with_basket,20,16,494,465
461-with-mask.jpg,320,428,with_mask,49,101,293,377
augmented_image_132 (2).jpg,320,433,without_mask,57,32,277,372
1623131278268.jpg,275,183,with_mask,140,29,173,75
1623131278268.jpg,275,183,with_basket,85,130,215,183
augmented_image_262 (2).jpg,189,258,without_mask,17,52,173,233
augmented_image_246 (2).jpg,320,428,without_mask,41,137,264,368
146.jpg,321,434,without_mask,50,41,286,341
308.jpg,189,266,without_mask,43,13,167,160
augmented_image_80.jpg,257,196,with_mask,96,20,236,176
augmented_image_98.jpg,199,253,with_mask,31,49,163,197
66.jpg,263,347,without_mask,15,82,229,306
50-best-faces-gayatri-devi-.jpg,600,450,without_mask,261,54,398,237
augmented_image_271.jpg,320,428,without_mask,25,85,257,357
augmented_image_113 (2).jpg,320,428,without_mask,54,88,313,374
basket43.jpg,480,270,with_basket,156,142,328,265
basket43.jpg,480,270,without_mask,245,40,287,75
45e7f325306465-56343bff24656.jpg,666,1000,without_mask,75,143,571,652
1623510036995.jpg,260,194,without_mask,140,23,180,67
1623510036995.jpg,260,194,with_basket,118,117,217,172
130.jpg,768,960,without_mask,277,155,581,559
1623573719789_43_11zon.jpg,183,275,without_mask,120,33,144,62
1623573719789_43_11zon.jpg,183,275,with_basket,40,118,128,253
232-with-mask.jpg,320,433,with_mask,54,123,299,352
augmented_image_193.jpg,167,249,with_mask,23,38,152,180
414.jpg,353,344,without_mask,78,66,254,254
1623131301785.jpg,312,162,with_mask,244,2,276,46
1623131301785.jpg,312,162,with_basket,160,79,292,162
augmented_image_141.jpg,110,222,with_mask,2,53,110,197
45.jpg,320,428,without_mask,68,91,313,373
267.jpg,179,281,without_mask,27,22,139,145
augmented_image_85.jpg,320,428,with_mask,41,85,286,380
1623572674283_10_11zon.jpg,180,279,without_mask,124,8,149,42
1623572674283_10_11zon.jpg,180,279,with_basket,9,111,147,270
augmented_image_157.jpg,720,720,with_mask,225,158,676,699
augmented_image_135 (2).jpg,540,720,without_mask,128,111,386,396
augmented_image_54.jpg,259,194,with_mask,38,1,209,179
455-with-mask.jpg,320,428,with_mask,60,87,296,376
e07b269fb63ebcbfb125d8ad2325198e.jpg,1280,1918,without_mask,295,217,1221,1077
augmented_image_197 (2).jpg,193,261,without_mask,18,41,166,221
augmented_image_203 (2).jpg,480,480,without_mask,162,70,366,304
augmented_image_233.jpg,320,433,without_mask,37,94,291,373
442-with-mask.jpg,299,168,with_mask,159,18,233,102
augmented_image_54 (2).jpg,320,428,without_mask,46,78,288,357
386.jpg,408,411,without_mask,120,114,284,283
397-with-mask.jpg,320,428,with_mask,30,54,291,345
291.jpg,225,225,without_mask,24,34,203,213
176-with-mask.jpg,320,428,with_mask,37,85,292,373
437.jpg,200,218,without_mask,12,33,147,175
augmented_image_240 (2).jpg,320,428,without_mask,17,51,256,367
augmented_image_310.jpg,183,275,with_mask,29,46,131,154
279-with-mask.jpg,161,222,with_mask,27,38,139,154
139-with-mask.jpg,320,428,with_mask,43,101,292,380
augmented_image_191 (2).jpg,320,428,without_mask,14,112,293,379
augmented_image_190.jpg,353,344,with_mask,98,70,265,251
basket34.jpg,1200,1200,with_basket,688,643,959,1129
basket34.jpg,1200,1200,with_basket,1,899,327,1192
basket34.jpg,1200,1200,with_basket,289,630,519,951
basket34.jpg,1200,1200,with_basket,489,643,674,928
41yveM7kuVL--AC-.jpg,424,461,with_mask,131,61,331,310
294-with-mask.jpg,320,428,with_mask,36,75,297,382
augmented_image_153 (2).jpg,320,428,without_mask,38,53,284,392
1623573052248_25_11zon.jpg,181,278,with_basket,13,13,167,268
augmented_image_51 (2).jpg,320,428,without_mask,50,82,292,367
augmented_image_78.jpg,184,274,with_mask,47,34,154,171
augmented_image_223 (2).jpg,320,428,without_mask,38,86,300,362
1623510041149-1.jpg,275,183,with_mask,124,16,172,71
1623510041149-1.jpg,275,183,with_basket,52,143,211,183
1623572886715_18_11zon.jpg,260,194,without_mask,128,4,151,34
1623572886715_18_11zon.jpg,260,194,with_basket,76,87,257,178
offset-322695.jpg,650,433,without_mask,236,43,514,409
pra3.jpg,3456,4608,with_mask,1130,1109,3370,3874
14-with-mask.jpg,184,274,with_mask,44,49,144,151
augmented_image_9.jpg,320,428,with_mask,40,113,284,378
421.jpg,275,183,without_mask,75,49,152,127
11.jpg,852,480,without_mask,445,74,699,403
augmented_image_218.jpg,493,493,with_mask,159,37,342,237
1623131954522.jpg,612,408,with_basket,167,77,450,356
augmented_image_181 (2).jpg,768,960,without_mask,8,6,518,446
augmented_image_60.jpg,340,417,with_mask,67,74,287,334
480.jpg,313,443,without_mask,50,122,267,381
augmented_image_286 (2).jpg,154,225,without_mask,14,38,144,185
1623509175969.jpg,262,193,without_mask,120,15,135,34
1623509175969.jpg,262,193,with_basket,94,65,152,167
cov-aish.jpg,600,450,without_mask,312,79,455,246
162.jpg,320,433,without_mask,65,68,300,372
445.jpg,232,217,without_mask,48,30,186,199
augmented_image_96.jpg,273,400,with_mask,15,70,255,370
1623573854262_52_11zon.jpg,177,285,without_mask,102,62,125,91
1623573854262_52_11zon.jpg,177,285,with_basket,1,140,78,258
259-with-mask.jpg,327,433,with_mask,53,98,287,380
augmented_image_98 (2).jpg,259,194,without_mask,77,16,187,145
25a0bb7104f6291c2737cdbe3e1a1671.jpg,1001,1001,with_mask,260,170,654,619
augmented_image_312.jpg,336,427,without_mask,41,108,237,317
158-with-mask.jpg,320,433,with_mask,45,77,309,366
309.jpg,320,428,without_mask,46,63,304,385
augmented_image_55 (2).jpg,320,428,without_mask,30,81,277,356
335-with-mask.jpg,188,268,with_mask,43,51,148,160
augmented_image_79.jpg,184,274,with_mask,41,47,143,176
augmented_image_94.jpg,273,400,with_mask,1,62,273,367
1623131701961.jpg,275,183,with_mask,50,6,88,48
1623131701961.jpg,275,183,with_basket,32,115,158,183
augmented_image_19.jpg,351,366,with_mask,55,52,271,295
4eb86725306465-56343c1478822.jpg,900,1350,without_mask,282,506,713,854
194.jpg,327,433,without_mask,60,66,305,377
basket33.jpg,976,549,with_basket,589,230,714,436
basket33.jpg,976,549,with_basket,361,186,425,274
basket33.jpg,976,549,with_mask,610,76,650,119
125-with-mask.jpg,327,433,with_mask,53,68,283,353
155-with-mask.jpg,206,244,with_mask,33,38,136,137
augmented_image_284 (2).jpg,154,225,without_mask,15,34,141,174
1623573503300_38_11zon.jpg,189,266,without_mask,130,8,152,38
1623573503300_38_11zon.jpg,189,266,with_basket,4,93,141,241
Indian-faces-0513.JPG,1260,837,without_mask,209,1,1061,752
1623510179920.jpg,275,183,with_mask,54,7,86,48
1623510179920.jpg,275,183,with_basket,32,114,154,183
217-with-mask.jpg,327,433,with_mask,58,54,290,347
263-with-mask.jpg,351,416,with_mask,13,128,287,366
augmented_image_110.jpg,205,246,with_mask,32,50,170,218
1623510234390.jpg,259,194,with_mask,127,40,151,75
1623510234390.jpg,259,194,with_basket,85,110,197,194
1623572964773_24_11zon.jpg,259,194,without_mask,75,5,105,42
1623572964773_24_11zon.jpg,259,194,with_basket,90,125,182,190
basket2.jpg,2000,2000,with_basket,503,34,1675,1887
augmented_image_23.jpg,400,436,with_mask,61,94,264,288
1623132417162.jpg,262,192,without_mask,138,35,168,68
1623132417162.jpg,262,192,with_basket,113,112,202,173
short-hairstyles-for-indian-faces-406016-indian-hairstyle-me.jpg,970,1200,without_mask,152,260,817,941
71CETHshWPL--AC-SY679-.jpg,505,679,with_mask,21,58,493,556
basket15.jpg,1024,1024,with_basket,677,289,993,949
basket15.jpg,1024,1024,with_basket,463,211,711,870
basket15.jpg,1024,1024,with_basket,186,157,429,779
402.jpg,450,800,without_mask,28,60,316,469
276-with-mask.jpg,205,251,with_mask,64,65,176,180
augmented_image_22.jpg,400,436,with_mask,142,55,335,299
augmented_image_205 (2).jpg,480,480,without_mask,134,82,375,294
augmented_image_124 (2).jpg,320,428,without_mask,35,81,300,369
augmented_image_84.jpg,320,428,with_mask,35,88,284,378
468.jpg,540,960,without_mask,149,100,487,578
443.jpg,299,169,without_mask,96,43,214,163
augmented_image_95.jpg,320,428,without_mask,52,84,265,359
short-hairstyles-for-indian-faces-406016-50-indian-hairstyle.jpg,550,750,without_mask,150,115,434,505
428.jpg,199,254,without_mask,60,15,198,180
augmented_image_294.jpg,165,208,without_mask,38,17,136,127
augmented_image_59 (2).jpg,232,217,without_mask,54,24,197,190
augmented_image_243.jpg,297,455,with_mask,9,106,290,433
61XjbVDoxKL--AC-SL1500-.jpg,1500,1497,with_mask,260,82,1245,1334
48.jpg,306,165,without_mask,108,20,223,145
augmented_image_175 (2).jpg,320,428,without_mask,53,68,301,345
augmented_image_33 (2).jpg,768,960,without_mask,167,128,479,554
augmented_image_7 (2).jpg,289,277,without_mask,52,55,205,215
1623572938032_20_11zon.jpg,275,183,with_mask,155,11,179,40
1623572938032_20_11zon.jpg,275,183,with_basket,140,93,230,183
augmented_image_61 (2).jpg,232,217,without_mask,49,25,191,197
augmented_image_251.jpg,184,274,with_mask,35,40,134,154
288-with-mask.jpg,320,428,with_mask,35,88,276,371
290-with-mask.jpg,320,433,with_mask,30,137,281,359
372.jpg,320,428,without_mask,40,69,286,386
1623131902181.jpg,1200,1200,with_mask,522,335,645,444
1623131902181.jpg,1200,1200,with_basket,558,746,883,993
augmented_image_27 (2).jpg,209,247,without_mask,31,62,155,200
229.jpg,316,313,without_mask,98,39,246,207
Disposable-Ear-Loop-Face-Mask-Flu-Masks-Nose-Allergy-Dust-Ma.jpg,386,550,with_mask,25,41,375,547
41-with-mask.jpg,450,400,with_mask,48,64,333,347
50-with-mask.jpg,192,262,with_mask,33,13,157,161
augmented_image_198.jpg,400,436,with_mask,43,91,262,308
135-with-mask.jpg,320,428,with_mask,40,61,280,362
augmented_image_171 (2).jpg,320,428,without_mask,30,95,296,360
246-with-mask.jpg,320,428,with_mask,32,101,273,384
300full.jpg,300,388,without_mask,75,20,247,209
148-with-mask.jpg,320,428,with_mask,69,72,291,327
436-with-mask.jpg,183,275,with_mask,48,46,140,159
basket19.jpg,1000,764,with_basket,175,138,749,658
augmented_image_88.jpg,320,433,with_mask,29,59,296,338
153.jpg,195,259,without_mask,5,26,192,247
augmented_image_100 (2).jpg,327,433,without_mask,71,47,279,342
457-with-mask.jpg,320,428,with_mask,64,82,294,362
augmented_image_150 (2).jpg,203,248,without_mask,82,54,130,112
390.jpg,320,428,without_mask,58,57,271,353
augmented_image_244.jpg,297,455,with_mask,1,83,268,420
144-with-mask.jpg,320,428,with_mask,41,85,309,374
prajna.jpg,3456,4608,with_mask,855,709,2595,2934
augmented_image_316.jpg,450,400,with_mask,48,40,343,330
pra2.jpg,3456,4608,with_mask,990,514,3195,3384
augmented_image_204.jpg,320,433,with_mask,23,50,298,359
1623131265357.jpg,273,185,with_mask,94,5,125,48
1623131265357.jpg,273,185,with_basket,50,131,142,185
augmented_image_149 (2).jpg,271,338,without_mask,58,64,229,238
augmented_image_12.jpg,184,274,with_mask,41,51,139,180
high-filtration-surgical-mask-front-47650.jpg,1500,1500,with_mask,384,313,1198,1191
augmented_image_137.jpg,640,480,with_mask,7,49,384,387
152.jpg,205,246,without_mask,31,24,184,206
330-with-mask.jpg,320,428,with_mask,42,62,291,376
293-with-mask.jpg,320,428,with_mask,53,95,311,356
1623573945682_65_11zon.jpg,183,275,without_mask,104,58,124,85
1623573945682_65_11zon.jpg,183,275,with_basket,28,140,127,264
c3b71140303552a6ed5715123ed6136d.jpg,336,500,without_mask,68,20,321,311
portrait-woman-with-surgical-mask-posing-23-2148454231.jpg,417,626,with_mask,147,228,272,379
140.jpg,320,428,without_mask,43,74,299,388
augmented_image_282.jpg,320,428,without_mask,14,91,283,369
augmented_image_144 (2).jpg,290,417,without_mask,42,65,290,329
1623573880779_56_11zon.jpg,181,279,without_mask,101,23,123,51
1623573880779_56_11zon.jpg,181,279,with_basket,26,104,142,241
augmented_image_15.jpg,259,194,with_mask,71,23,183,152
156-with-mask.jpg,260,194,with_mask,83,39,192,143
augmented_image_239.jpg,525,350,with_mask,143,39,292,236
1623131608008.jpg,265,190,with_mask,139,5,168,48
1623131608008.jpg,265,190,with_basket,57,95,144,175
365-with-mask.jpg,275,183,with_mask,97,39,190,142
augmented_image_156 (2).jpg,320,433,without_mask,48,74,293,342
Indian-faces-0966.JPG,680,1024,without_mask,122,194,598,867
1947555.jpg,800,857,without_mask,72,142,708,810
136.jpg,285,372,without_mask,22,31,233,291
256-with-mask.jpg,193,261,with_mask,17,35,175,233
1623573524630_39_11zon.jpg,260,194,without_mask,129,5,149,33
1623573524630_39_11zon.jpg,260,194,with_basket,80,87,257,177
augmented_image_232 (2).jpg,320,428,without_mask,18,67,277,373
augmented_image_30 (2).jpg,259,194,without_mask,94,14,182,145
augmented_image_261.jpg,320,428,with_mask,26,88,268,358
301-with-mask.jpg,363,395,with_mask,26,23,340,382
augmented_image_295.jpg,320,428,with_mask,12,98,266,390
augmented_image_109 (2).jpg,320,428,without_mask,33,67,296,355
augmented_image_306 (2).jpg,320,428,without_mask,41,107,283,383
augmented_image_214.jpg,540,960,with_mask,142,160,390,459
260-with-mask.jpg,320,428,with_mask,48,70,295,376
252.jpg,320,428,without_mask,43,68,284,377
augmented_image_303 (2).jpg,412,501,without_mask,83,85,341,464
432-with-mask.jpg,320,433,with_mask,48,81,311,393
220.jpg,309,322,without_mask,42,71,224,239
augmented_image_66.jpg,510,340,with_mask,247,55,390,222
augmented_image_162 (2).jpg,320,428,without_mask,16,77,285,367
461.jpg,320,428,without_mask,42,101,291,371
augmented_image_267.jpg,114,141,with_mask,14,20,114,123
surgical-mask-49701-blue.jpg,1500,1500,with_mask,464,255,1203,1180
augmented_image_137 (2).jpg,320,428,without_mask,32,91,242,363
619ZHLsp4ZL--SX342-.jpg,342,342,with_mask,67,56,282,313
155.jpg,206,244,without_mask,40,25,133,135
256.jpg,193,261,without_mask,21,41,174,235
313-with-mask.jpg,201,338,with_mask,10,82,174,251
augmented_image_213.jpg,540,960,with_mask,94,169,401,474
augmented_image_138.jpg,640,480,with_mask,3,17,382,387
augmented_image_277 (2).jpg,320,428,without_mask,37,84,305,381
basket41.jpg,480,270,with_basket,228,66,466,257
269-with-mask.jpg,277,405,with_mask,45,70,233,283
ab-mask-040220.jpg,780,520,with_mask,212,90,618,409
1623131252028.jpg,264,191,with_mask,152,13,189,55
1623131252028.jpg,264,191,with_basket,99,125,217,174
1623573086530_28_11zon.jpg,300,168,without_mask,99,22,110,43
1623573086530_28_11zon.jpg,300,168,with_basket,127,76,174,165
400.jpg,324,493,without_mask,19,73,293,431
augmented_image_239 (2).jpg,320,428,without_mask,35,47,277,358
368-with-mask.jpg,363,408,with_mask,68,118,254,305
1623574170011_72_11zon.jpg,194,259,without_mask,104,16,128,45
1623574170011_72_11zon.jpg,194,259,with_basket,20,135,110,240
404.jpg,318,442,without_mask,50,72,252,361
178.jpg,320,428,without_mask,69,66,297,353
augmented_image_123.jpg,320,433,with_mask,48,105,301,350
240-with-mask.jpg,179,281,with_mask,39,70,145,204
augmented_image_192 (2).jpg,320,428,without_mask,49,88,297,395
1623131710777 - Copy.jpg,275,183,with_mask,94,31,141,80
1623131710777 - Copy.jpg,275,183,with_basket,8,124,131,183
370.jpg,320,428,without_mask,48,84,288,386
augmented_image_166 (2).jpg,309,322,without_mask,98,59,248,250
augmented_image_263.jpg,189,258,without_mask,20,50,183,223
augmented_image_217.jpg,493,493,with_mask,160,44,339,242
Indian-faces-0184.JPG,680,1024,without_mask,171,291,588,743
114.jpg,327,433,without_mask,70,91,291,375
augmented_image_176.jpg,214,244,with_mask,29,40,165,181
9.jpg,183,275,without_mask,16,49,165,241
augmented_image_31 (2).jpg,768,960,without_mask,240,154,602,564
basket27.jpg,1200,900,with_basket,344,412,802,846
basket27.jpg,1200,900,with_mask,774,188,870,271
augmented_image_72 (2).jpg,320,428,without_mask,37,57,285,373
basket42.jpg,600,492,with_basket,175,244,539,478
1623132380938.jpg,262,193,without_mask,71,9,90,33
1623132380938.jpg,262,193,with_basket,113,55,203,172
61-with-mask.jpg,307,326,with_mask,52,60,251,304
augmented_image_202.jpg,320,433,with_mask,29,63,295,370
augmented_image_93.jpg,273,400,with_mask,1,57,260,368
83-with-mask.jpg,327,433,with_mask,51,47,304,354
289.jpg,276,182,without_mask,93,42,181,162
32.jpg,317,458,without_mask,48,98,218,299
221.jpg,320,428,without_mask,32,79,279,385
augmented_image_107.jpg,327,433,with_mask,38,59,297,331
augmented_image_8.jpg,320,428,with_mask,41,93,279,381
augmented_image_179 (2).jpg,768,960,without_mask,24,12,529,444
augmented_image_170.jpg,960,960,with_mask,418,127,731,518
augmented_image_119 (2).jpg,320,428,without_mask,38,86,286,375
75-with-mask.jpg,259,194,with_mask,111,41,194,134
2.jpg,320,433,without_mask,43,115,274,381
augmented_image_65.jpg,510,340,with_mask,247,61,386,218
augmented_image_39.jpg,297,455,with_mask,1,83,257,424
347-with-mask.jpg,183,275,with_mask,15,18,167,210
augmented_image_103.jpg,327,475,with_mask,37,79,327,398
363.jpg,320,428,without_mask,57,72,286,383
augmented_image_246.jpg,320,428,with_mask,26,71,307,374
278.jpg,768,960,without_mask,19,4,510,439
J27ZvKVYpEW9BtXGFKFtj9-320-80.jpg,320,213,with_mask,105,1,309,213
augmented_image_56 (2).jpg,320,428,without_mask,37,44,294,385
augmented_image_120 (2).jpg,320,428,without_mask,38,106,286,373
139.jpg,320,428,without_mask,34,71,299,386
265.jpg,225,224,without_mask,74,33,168,140
Surgical-mask-and-eyeglasses.jpg,1248,624,with_mask,267,29,1024,624
1623131311134.jpg,300,168,with_mask,180,4,205,27
1623131311134.jpg,300,168,with_basket,185,51,271,164
Surgical-Mask-for-Flu.jpg,1000,500,with_mask,177,144,477,447
augmented_image_158.jpg,720,720,with_mask,153,199,655,720
455.jpg,320,428,without_mask,55,81,309,385
augmented_image_57 (2).jpg,320,428,without_mask,23,84,296,352
17-with-mask.jpg,603,350,with_mask,174,65,416,316
augmented_image_139.jpg,640,480,with_mask,4,33,386,381
augmented_image_140.jpg,640,480,with_mask,5,27,394,352
augmented_image_186.jpg,320,433,with_mask,46,75,296,357
162-with-mask.jpg,320,433,with_mask,34,93,318,375
413-with-mask.jpg,320,428,with_mask,22,132,273,382
137.jpg,259,194,without_mask,63,32,178,167
159-with-mask.jpg,201,289,with_mask,10,81,185,242
88.jpg,303,166,without_mask,62,2,245,146
191.jpg,513,590,without_mask,76,93,465,510
1623132451534.jpg,275,183,without_mask,126,26,157,66
1623132451534.jpg,275,183,with_basket,95,132,174,183
40.jpg,320,428,without_mask,36,49,279,367
322.jpg,204,247,without_mask,55,11,163,146
223-with-mask.jpg,183,275,with_mask,9,2,178,204
153-with-mask.jpg,195,259,with_mask,7,48,194,254
456.jpg,320,428,without_mask,25,75,293,363
depositphotos-142113624-stock-photo-smiling-indian-man-face.jpg,1414,1700,without_mask,352,201,1088,1060
augmented_image_52 (2).jpg,320,428,without_mask,46,70,293,362
107.jpg,320,433,without_mask,45,97,268,379
augmented_image_255.jpg,236,297,without_mask,37,48,202,219
augmented_image_237.jpg,320,428,with_mask,31,92,303,374
basket29.jpg,466,295,with_basket,3,5,462,286
augmented_image_83.jpg,257,196,with_mask,99,20,238,174
with-surgical-mask-stock-picture-648477.jpg,866,1360,with_mask,223,236,502,490
augmented_image_283.jpg,320,428,without_mask,44,70,268,372
202-with-mask.jpg,320,428,with_mask,33,80,278,365
augmented_image_19 (2).jpg,320,428,without_mask,7,83,284,392
augmented_image_149.jpg,237,252,with_mask,50,48,157,168
1623572947800_22_11zon.jpg,275,183,with_mask,181,38,210,70
1623572947800_22_11zon.jpg,275,183,with_basket,146,131,240,183
augmented_image_262.jpg,320,428,with_mask,51,92,300,358
33.jpg,259,194,without_mask,41,12,184,180
450.jpg,320,428,without_mask,58,91,296,366
augmented_image_318.jpg,864,864,without_mask,17,160,388,592
augmented_image_73 (2).jpg,320,428,without_mask,39,75,288,378
image12.jpg,500,500,with_basket,75,71,437,416
augmented_image_18 (2).jpg,320,428,without_mask,42,68,320,398
438-with-mask.jpg,194,259,with_mask,59,74,148,183
2ca869fa7b11fae2a0b15e83c318a164.jpg,1000,1500,with_mask,181,222,784,1067
augmented_image_14 (2).jpg,320,428,without_mask,56,82,289,363
379-with-mask.jpg,245,206,with_mask,52,27,189,166
476.jpg,187,203,without_mask,54,20,144,124
260.jpg,320,428,without_mask,40,76,292,365
Fun-flu-prevention.jpg,900,601,with_mask,289,100,642,497
239.jpg,320,428,without_mask,62,99,308,372
augmented_image_243 (2).jpg,320,428,without_mask,38,48,290,378
augmented_image_117 (2).jpg,320,428,without_mask,34,96,289,363
94.jpg,237,252,without_mask,51,46,163,169
basket35.jpg,400,267,with_basket,38,144,213,260
basket35.jpg,400,267,without_mask,150,34,174,69
augmented_image_40 (2).jpg,189,258,without_mask,26,41,173,233
augmented_image_252.jpg,797,650,with_mask,248,129,622,535
294.jpg,320,428,without_mask,37,53,292,388
150-with-mask.jpg,414,534,with_mask,28,105,345,464
augmented_image_155.jpg,720,720,with_mask,211,148,685,697
1623574068787_68_11zon.jpg,269,188,without_mask,157,7,179,34
1623574068787_68_11zon.jpg,269,188,with_basket,42,95,145,177
augmented_image_227 (2).jpg,320,428,without_mask,26,62,286,368
464.jpg,320,428,without_mask,32,88,287,352
100.jpg,320,428,without_mask,47,83,278,360
augmented_image_92.jpg,320,428,with_mask,47,47,313,366
augmented_image_142 (2).jpg,290,417,without_mask,36,70,272,344
basket28.jpg,1200,675,with_basket,404,272,829,675
basket28.jpg,1200,675,with_mask,411,1,485,101
basket28.jpg,1200,675,with_mask,121,198,161,241
basket28.jpg,1200,675,with_mask,12,195,52,236
basket28.jpg,1200,675,with_basket,1,319,204,557
383.jpg,320,428,without_mask,28,79,296,420
375-with-mask.jpg,291,384,with_mask,42,84,223,287
augmented_image_145 (2).jpg,290,417,without_mask,26,62,273,322
267-with-mask.jpg,179,281,with_mask,31,42,144,148
8-with-mask.jpg,233,350,with_mask,68,53,179,171
63.jpg,191,264,without_mask,33,57,167,198
augmented_image_7.jpg,320,428,with_mask,39,98,290,379
augmented_image_228.jpg,320,433,with_mask,35,125,275,349
281-with-mask.jpg,205,246,with_mask,38,69,174,214
16.jpg,512,594,without_mask,70,41,432,447
406-with-mask.jpg,300,168,with_mask,51,34,165,156
218-with-mask.jpg,327,433,with_mask,53,77,289,367
augmented_image_59.jpg,225,225,with_mask,43,11,197,172
augmented_image_209 (2).jpg,249,203,without_mask,58,41,190,188
augmented_image_303.jpg,271,338,with_mask,25,61,194,236
augmented_image_5 (2).jpg,289,277,without_mask,98,48,237,229
augmented_image_116 (2).jpg,320,428,without_mask,34,85,271,369
HTB1hSsNjsuYBuNkSmRyq6AA3pXaR-jpg-350x350.jpg,350,350,with_mask,88,41,238,198
augmented_image_212.jpg,291,384,with_mask,59,77,252,306
1623495070147.jpg,169,298,with_basket,1,1,169,275
14.jpg,184,274,without_mask,42,15,146,152
381-with-mask.jpg,320,433,with_mask,41,64,284,341
augmented_image_81 (2).jpg,864,864,without_mask,438,167,846,632
27-with-mask.jpg,320,433,with_mask,36,89,289,383
350.jpg,225,225,without_mask,47,34,158,160
augmented_image_168.jpg,320,428,with_mask,26,89,295,374
augmented_image_281.jpg,300,168,with_mask,48,28,163,158
1623509080298.jpg,225,225,with_basket,61,5,175,220
49ed033ddd116bc8c87230493c729cad.jpg,235,288,without_mask,17,19,228,288
413.jpg,320,428,without_mask,17,81,264,383
251.jpg,388,489,without_mask,93,91,254,262
57.jpg,341,538,without_mask,20,117,314,504
1623573730546_44_11zon.jpg,265,190,without_mask,107,11,125,31
1623573730546_44_11zon.jpg,265,190,with_basket,72,61,125,109
273-with-mask.jpg,190,318,with_mask,35,66,185,229
augmented_image_166.jpg,285,372,with_mask,25,69,278,299
1623509151120.jpg,183,275,without_mask,61,58,100,108
1623509151120.jpg,183,275,with_basket,14,185,183,275
4866095785-1e9a271efc-b.jpg,902,655,without_mask,241,31,642,555
152-with-mask.jpg,205,246,with_mask,31,33,179,206
augmented_image_144.jpg,320,428,with_mask,54,87,294,371
augmented_image_169.jpg,960,960,with_mask,286,90,662,487
181.jpg,202,249,without_mask,47,54,162,173
460.jpg,273,184,without_mask,64,16,204,164
431.jpg,301,499,without_mask,8,82,301,438
augmented_image_148.jpg,237,252,with_mask,78,47,176,161
augmented_image_28.jpg,351,366,with_mask,61,64,278,287
264.jpg,480,480,without_mask,119,64,341,329
390-with-mask.jpg,320,428,with_mask,37,51,292,365
augmented_image_107 (2).jpg,199,254,without_mask,68,20,191,172
87.jpg,275,183,without_mask,79,29,181,134
288.jpg,320,428,without_mask,34,68,275,365
augmented_image_154 (2).jpg,320,428,without_mask,41,53,279,382
augmented_image_151.jpg,209,267,with_mask,26,48,147,178
347.jpg,183,275,without_mask,25,24,165,194
195-with-mask.jpg,740,516,with_mask,144,25,459,321
353-with-mask.jpg,183,275,with_mask,50,14,159,152
383-with-mask.jpg,320,428,with_mask,26,90,298,422
augmented_image_29.jpg,351,366,with_mask,75,73,293,289
237-with-mask.jpg,242,359,with_mask,18,76,228,288
160.jpg,165,208,without_mask,36,19,120,128
97.jpg,327,433,without_mask,55,77,294,361
331-with-mask.jpg,327,433,with_mask,37,71,281,368
1623131294602.jpg,275,183,with_mask,75,23,114,74
1623131294602.jpg,275,183,with_basket,20,152,160,183
Indian-faces-2766.JPG,1260,837,without_mask,164,66,811,672
augmented_image_0.jpg,320,428,with_mask,20,99,293,380
161-with-mask.jpg,188,283,with_mask,1,134,178,255
1623572764606_14_11zon.jpg,220,214,without_mask,176,41,190,58
1623572764606_14_11zon.jpg,220,214,with_basket,148,86,207,190
007563.jpg,1360,1360,with_mask,401,347,925,992
466-with-mask.jpg,320,428,with_mask,55,79,302,377
1623573733479_45_11zon.jpg,173,280,without_mask,84,14,105,47
1623573733479_45_11zon.jpg,173,280,with_basket,22,87,82,160
augmented_image_4.jpg,205,251,with_mask,67,56,166,185
augmented_image_71.jpg,312,351,with_mask,39,45,263,274
-110695084-mask2.jpg,976,549,with_mask,244,54,506,403
want-to-see-more-indian-faces-in-us-government-raj-mukherji.jpg,640,480,without_mask,171,34,455,344
435-with-mask.jpg,960,768,with_mask,182,13,730,692
349.jpg,356,549,without_mask,20,131,356,496
360.jpg,320,433,without_mask,53,68,290,353
augmented_image_150.jpg,209,267,with_mask,33,40,149,173
1623573913814_59_11zon.jpg,177,285,without_mask,112,20,137,50
1623573913814_59_11zon.jpg,177,285,with_basket,26,110,129,262
augmented_image_129 (2).jpg,320,433,without_mask,33,62,280,384
257-with-mask.jpg,320,428,with_mask,52,94,320,371
71-with-mask.jpg,351,366,with_mask,50,48,273,290
81-with-mask.jpg,209,258,with_mask,25,49,179,226
fc95de7bf6cbe26dec3bb4a44a499290.jpg,220,331,without_mask,41,56,188,254
augmented_image_176 (2).jpg,320,428,without_mask,62,67,282,347
aa1f774600fe12ea1418a58019848cf5.jpg,688,387,with_mask,439,40,593,215
29.jpg,320,428,without_mask,42,86,271,375
augmented_image_286.jpg,190,318,with_mask,35,65,187,225
1623573870314_55_11zon.jpg,199,253,without_mask,138,17,161,45
1623573870314_55_11zon.jpg,199,253,with_basket,21,101,144,221
augmented_image_229.jpg,320,428,without_mask,37,77,290,382
582e4853f9b920ca1750ef1d17526e85--smiling-people-unique-face.jpg,236,354,without_mask,44,106,179,246
augmented_image_160 (2).jpg,320,433,without_mask,24,87,280,359
augmented_image_88 (2).jpg,275,183,without_mask,102,31,183,127
405-with-mask.jpg,271,338,with_mask,77,59,252,258
augmented_image_23 (2).jpg,165,208,without_mask,33,21,129,133
augmented_image_75.jpg,320,428,with_mask,30,54,269,352
291-with-mask.jpg,225,225,with_mask,21,59,208,210
augmented_image_302.jpg,412,501,without_mask,85,87,319,429
290.jpg,320,433,without_mask,34,108,282,361
augmented_image_140 (2).jpg,320,428,without_mask,74,94,306,381
augmented_image_45 (2).jpg,320,428,without_mask,31,72,302,411
augmented_image_258.jpg,301,461,with_mask,74,29,251,223
augmented_image_70.jpg,312,351,with_mask,52,45,271,277
gettyimages-1138126908-1024x1024.jpg,768,1024,without_mask,129,197,625,727
1623510145064.jpg,183,275,without_mask,50,36,83,73
1623510145064.jpg,183,275,with_basket,98,119,159,202
92-with-mask.jpg,332,455,with_mask,19,142,313,421
364-with-mask.jpg,278,309,with_mask,23,40,185,207
458.jpg,538,521,without_mask,42,56,402,428
189-with-mask.jpg,246,352,with_mask,13,63,215,266
augmented_image_147 (2).jpg,271,338,without_mask,48,41,242,238
augmented_image_163.jpg,285,372,with_mask,29,63,274,296
131.jpg,340,417,without_mask,81,93,259,328
augmented_image_136.jpg,320,428,with_mask,41,53,298,386
surgical-mask-49701-blue2.jpg,1500,1500,with_mask,409,302,1236,1180
327.jpg,720,720,without_mask,207,136,646,688
woman-with-face-mask-swine-flu-flu-viruses-BDX72A.jpg,870,1390,with_mask,206,141,720,868
1623573867013_54_11zon.jpg,177,285,without_mask,113,18,139,49
1623573867013_54_11zon.jpg,177,285,with_basket,25,114,131,260
augmented_image_230 (2).jpg,320,428,without_mask,20,70,308,391
261-with-mask.jpg,320,428,with_mask,36,85,287,370
324-with-mask.jpg,320,428,with_mask,48,94,295,368
augmented_image_77 (2).jpg,263,347,without_mask,35,70,236,300
1623510020508.jpg,265,190,without_mask,110,13,144,58
1623510020508.jpg,265,190,with_basket,42,113,136,178
1623572942985_21_11zon.jpg,275,183,with_mask,73,24,96,53
1623572942985_21_11zon.jpg,275,183,with_basket,53,106,127,182
augmented_image_76.jpg,320,428,with_mask,48,61,290,348
augmented_image_61.jpg,340,417,with_mask,64,75,298,336
augmented_image_269.jpg,320,428,without_mask,69,86,288,361
augmented_image_43.jpg,320,428,with_mask,54,97,287,386
1623572664618_6_11zon.jpg,265,190,without_mask,84,8,102,35
1623572664618_6_11zon.jpg,265,190,with_basket,109,66,194,171
1623574214915.jpg,600,800,without_mask,180,102,253,209
1623574214915.jpg,600,800,with_basket,287,375,467,753
407-with-mask.jpg,320,428,with_mask,46,106,296,365
339-with-mask.jpg,353,554,with_mask,28,136,345,449
augmented_image_20.jpg,351,366,with_mask,59,55,253,286
augmented_image_21.jpg,351,366,with_mask,60,73,281,298
475.jpg,327,433,without_mask,41,79,284,372
augmented_image_174.jpg,214,244,with_mask,24,43,152,186
177-with-mask.jpg,296,170,with_mask,85,38,199,154
augmented_image_196.jpg,183,275,with_mask,5,30,169,208
22.jpg,441,494,without_mask,142,139,319,350
pm2.jpg,2448,3264,without_mask,677,352,1897,1910
303.jpg,280,461,without_mask,22,78,275,352
augmented_image_87 (2).jpg,179,281,without_mask,41,37,137,152
393.jpg,467,518,without_mask,73,74,349,364
augmented_image_111.jpg,205,246,with_mask,36,62,169,217
augmented_image_135.jpg,320,428,with_mask,24,69,287,375
augmented_image_165.jpg,285,372,with_mask,36,72,276,296
1623574462392_77_11zon.jpg,189,267,without_mask,50,19,74,52
1623574462392_77_11zon.jpg,189,267,with_basket,42,106,147,244
augmented_image_163 (2).jpg,320,428,without_mask,32,78,320,360
39-with-mask.jpg,320,428,with_mask,39,80,278,351
1623131307650.jpg,275,183,with_mask,121,21,142,46
1623131307650.jpg,275,183,with_basket,108,81,161,182
173-with-mask.jpg,203,233,with_mask,57,46,136,144
343-with-mask.jpg,400,600,with_mask,128,146,295,349
1623573061977_27_11zon.jpg,194,259,without_mask,78,27,115,66
1623573061977_27_11zon.jpg,194,259,with_basket,45,89,149,257
augmented_image_44.jpg,320,428,with_mask,51,92,281,389
446-with-mask.jpg,320,428,with_mask,60,76,279,347
HTB1jE7ILFXXXXaEXpXXq6xXFXXXd.jpg,750,750,with_mask,150,107,616,675
292.jpg,341,382,without_mask,65,44,247,275
augmented_image_82.jpg,257,196,with_mask,98,19,241,177
1623131726705.jpg,309,163,with_mask,134,16,161,55
1623131726705.jpg,309,163,with_basket,151,96,216,163
augmented_image_83 (2).jpg,179,281,without_mask,71,49,159,154
augmented_image_125.jpg,318,442,with_mask,28,74,273,360
243.jpg,345,390,without_mask,81,32,265,253
36.jpg,167,230,without_mask,6,43,136,225
augmented_image_278.jpg,320,428,without_mask,27,53,292,386
447-with-mask.jpg,405,517,with_mask,66,177,334,486
442.jpg,299,168,without_mask,161,23,237,105
198-with-mask.jpg,225,225,with_mask,46,39,189,201
augmented_image_42 (2).jpg,189,258,without_mask,36,40,179,227
augmented_image_38.jpg,191,213,with_mask,62,32,151,129
Indian-faces-1180.JPG,1260,837,without_mask,385,86,1052,787
augmented_image_170 (2).jpg,320,428,without_mask,28,77,275,349
augmented_image_34.jpg,191,213,with_mask,57,41,154,132
augmented_image_209.jpg,291,384,with_mask,39,88,228,296
24.jpg,349,367,without_mask,34,99,272,260
398-with-mask.jpg,320,433,with_mask,45,62,292,361
augmented_image_265 (2).jpg,258,195,without_mask,80,61,162,159
basket22.jpg,1200,1200,with_basket,542,520,941,1144
basket22.jpg,1200,1200,with_basket,375,413,517,861
1623572672229_9_11zon.jpg,201,250,without_mask,142,23,169,52
1623572672229_9_11zon.jpg,201,250,with_basket,8,97,122,212
403.jpg,345,362,without_mask,80,64,234,248
augmented_image_133 (2).jpg,540,720,without_mask,186,120,430,397
394.jpg,320,428,without_mask,28,57,293,382
image13.jpg,500,500,with_basket,63,46,421,457
51pLp2uev9L.jpg,500,500,with_mask,76,70,375,460
5594155955-8c0ba32c95-b.jpg,1024,862,without_mask,165,274,747,799
augmented_image_113.jpg,303,166,with_mask,61,1,242,165
142.jpg,196,258,without_mask,34,25,172,188
augmented_image_185.jpg,320,433,with_mask,47,76,294,353
1623574083729.jpg,680,916,without_mask,409,106,495,207
1623574083729.jpg,680,916,with_basket,129,512,396,843
augmented_image_155 (2).jpg,320,433,without_mask,49,83,290,351
augmented_image_97.jpg,273,400,with_mask,3,69,265,376
augmented_image_186 (2).jpg,320,428,without_mask,50,42,287,350
195.jpg,740,516,without_mask,126,48,440,322
augmented_image_116.jpg,303,166,with_mask,58,1,243,166
101.jpg,320,428,without_mask,50,86,286,373
flumask-feature-470x313.jpg,470,313,with_mask,258,48,361,172
3-ply-tie-on-surgical-mask-yellow-500x500.jpg,500,500,with_mask,73,88,432,494
463-with-mask.jpg,320,433,with_mask,44,97,295,360
77-with-mask.jpg,232,217,with_mask,31,14,208,199
77.jpg,232,217,without_mask,35,20,204,197
gettyimages-629077926-1024x1024.jpg,1024,753,without_mask,451,37,824,470
76.jpg,244,303,without_mask,11,83,183,249
253-with-mask.jpg,318,442,with_mask,28,66,262,356
18-with-mask.jpg,341,431,with_mask,55,52,281,284
augmented_image_47.jpg,320,428,with_mask,46,82,320,403
augmented_image_230.jpg,320,433,with_mask,51,126,282,355
128.jpg,312,351,without_mask,67,58,236,285
indian-face-series-1536016.jpg,1026,1300,without_mask,294,222,660,673
246.jpg,320,428,without_mask,25,91,284,382
portrait-doctor-with-surgical-mask-stethoscope-23-2148454273.jpg,626,417,with_mask,379,33,494,160
portrait-doctor-with-surgical-mask-stethoscope-23-2148454273.jpg,626,417,with_mask,615,203,616,204
27.jpg,320,433,without_mask,18,62,295,386
272-with-mask.jpg,190,266,with_mask,26,47,142,188
240.jpg,179,281,without_mask,33,64,149,204
1623573671612_42_11zon.jpg,183,275,without_mask,80,36,102,64
1623573671612_42_11zon.jpg,183,275,with_basket,61,121,129,261
1623495075670.jpg,209,242,with_basket,1,6,209,232
augmented_image_185 (2).jpg,320,428,without_mask,55,56,280,353
396-with-mask.jpg,320,428,with_mask,45,48,298,398
1623573948334_66_11zon.jpg,225,225,without_mask,93,9,113,36
1623573948334_66_11zon.jpg,225,225,with_basket,17,98,118,216
20.jpg,320,428,without_mask,49,81,308,350
augmented_image_211.jpg,291,384,with_mask,33,78,239,295
augmented_image_37.jpg,191,213,with_mask,43,34,131,136
1623572585142_4_11zon.jpg,178,283,with_basket,42,117,144,247
1623572792640_15_11zon.jpg,183,275,with_basket,18,80,158,246
1623510204658.jpg,275,183,with_mask,106,4,143,58
1623510204658.jpg,275,183,with_basket,37,120,152,183
FaceMasks--banner--GettyImages.jpg,1280,720,with_mask,517,37,785,352
augmented_image_181.jpg,229,220,with_mask,67,23,152,142
augmented_image_226.jpg,320,428,without_mask,26,75,295,367
131-with-mask.jpg,340,417,with_mask,60,79,292,334
1623131703813 - Copy.jpg,275,183,with_mask,97,13,139,63
1623131703813 - Copy.jpg,275,183,with_basket,60,135,142,183
1623574098041_69_11zon.jpg,183,275,without_mask,71,31,116,92
1623574098041_69_11zon.jpg,183,275,with_basket,33,172,153,271
1623131691225.jpg,626,417,with_mask,180,41,272,146
1623131691225.jpg,626,417,with_basket,52,283,269,417
basket4.jpg,202,249,with_basket,9,2,193,243
84.jpg,231,322,without_mask,13,68,207,266
Indian-faces-0333.JPG,680,1024,without_mask,53,210,578,834
augmented_image_220.jpg,493,493,with_mask,154,40,340,251
augmented_image_180.jpg,327,433,with_mask,40,56,282,364
gettyimages-77932927-1024x1024.jpg,1024,683,with_mask,4,2,499,667
augmented_image_117.jpg,320,428,with_mask,42,64,303,394
augmented_image_97 (2).jpg,320,428,without_mask,46,72,288,365
augmented_image_198 (2).jpg,193,261,without_mask,22,38,188,236
surgical-face-mask-standard.jpg,1920,1080,with_mask,767,156,1194,736
59-with-mask.jpg,320,428,with_mask,31,99,289,375
1-respirator-mask.jpg,267,400,with_mask,44,65,221,286
364.jpg,278,309,without_mask,20,45,177,191
28.jpg,396,511,without_mask,23,96,325,414
augmented_image_122 (2).jpg,320,428,without_mask,38,79,302,374
augmented_image_296 (2).jpg,428,484,without_mask,112,86,366,371
augmented_image_125 (2).jpg,320,428,without_mask,38,79,277,373
255-with-mask.jpg,308,384,with_mask,3,86,225,344
275-with-mask.jpg,214,316,with_mask,19,40,196,246
Anti-Flu-Disposable-Face-Mask-Bfe-99-.jpg,550,550,with_mask,172,92,444,411
augmented_image_258 (2).jpg,441,494,without_mask,132,145,360,358
346-with-mask.jpg,400,436,with_mask,59,81,274,293
augmented_image_267 (2).jpg,258,195,without_mask,81,57,169,167
67.jpg,225,225,without_mask,48,15,194,170
1623572798909_16_11zon.jpg,205,245,with_basket,24,27,188,209
23.jpg,194,260,without_mask,45,39,146,159
74-with-mask.jpg,225,225,with_mask,59,37,172,170
augmented_image_101.jpg,327,475,with_mask,32,69,322,402
79-with-mask.jpg,232,217,with_mask,33,10,207,202
augmented_image_207.jpg,320,428,with_mask,36,87,279,396
254-with-mask.jpg,166,251,with_mask,24,41,127,166
283.jpg,377,502,without_mask,88,100,311,345
4.jpg,232,217,without_mask,36,22,190,207
10-with-mask.jpg,233,350,with_mask,53,49,183,179
augmented_image_284.jpg,300,168,with_mask,49,51,175,168
augmented_image_50 (2).jpg,209,267,without_mask,35,39,138,181
355.jpg,441,385,without_mask,147,46,305,229
augmented_image_17 (2).jpg,320,428,without_mask,52,108,319,391
augmented_image_64 (2).jpg,658,382,without_mask,157,20,358,246
basket16.jpg,1060,1390,with_basket,41,573,882,1253
basket16.jpg,1060,1390,without_mask,784,244,909,363
basket16.jpg,1060,1390,without_mask,163,35,297,241
basket16.jpg,1060,1390,without_mask,547,406,634,501
augmented_image_298.jpg,197,256,without_mask,31,21,175,237
355-with-mask.jpg,441,385,with_mask,153,49,302,214
premium-lashes-mask-1024x1024.jpg,819,1024,with_mask,61,7,719,932
augmented_image_101 (2).jpg,327,433,without_mask,55,72,299,335
34.jpg,194,259,without_mask,35,57,159,245
1623572757222_12_11zon.jpg,154,328,without_mask,69,51,97,82
1623572757222_12_11zon.jpg,154,328,with_basket,18,121,127,327
augmented_image_192.jpg,167,249,with_mask,11,36,146,183
302.jpg,320,428,without_mask,65,97,304,374
augmented_image_173.jpg,320,428,with_mask,27,50,280,376
31-with-mask.jpg,327,433,with_mask,67,42,286,345
194-with-mask.jpg,327,433,with_mask,55,35,315,377
115.jpg,320,428,without_mask,57,91,264,367
augmented_image_130 (2).jpg,320,433,without_mask,30,37,293,367
augmented_image_311.jpg,320,433,with_mask,35,102,300,368
augmented_image_109.jpg,205,246,with_mask,40,56,169,213
1623131292957.jpg,280,180,with_mask,123,20,144,44
1623131292957.jpg,280,180,with_basket,110,82,157,180
augmented_image_158 (2).jpg,320,433,without_mask,18,62,273,369
37-with-mask.jpg,191,213,with_mask,41,34,126,138
pra1.jpg,3456,4608,with_mask,810,934,3240,3864
augmented_image_193 (2).jpg,320,428,without_mask,28,102,280,405
augmented_image_206.jpg,320,428,with_mask,46,71,302,382
augmented_image_221.jpg,320,428,with_mask,41,77,284,356
145.jpg,320,428,without_mask,26,66,281,399
234.jpg,290,417,without_mask,54,98,239,311
augmented_image_189.jpg,353,344,with_mask,86,83,249,246
augmented_image_189 (2).jpg,320,433,without_mask,25,32,284,367
1623131730073 - Copy.jpg,303,166,with_mask,122,24,153,59
1623131730073 - Copy.jpg,303,166,with_basket,145,102,209,166
408-with-mask.jpg,427,378,with_mask,102,97,274,260
302-with-mask.jpg,320,428,with_mask,68,79,300,376
augmented_image_221 (2).jpg,320,428,without_mask,40,88,288,365
1623573347359.jpg,600,800,without_mask,311,51,388,144
1623573347359.jpg,600,800,with_basket,37,436,292,768
1623131300090.jpg,225,225,with_mask,99,55,120,83
1623131300090.jpg,225,225,with_basket,108,140,157,187
basket23.jpg,700,394,with_basket,154,191,258,366
basket23.jpg,700,394,without_mask,193,100,228,138
basket23.jpg,700,394,without_mask,329,101,363,133
basket23.jpg,700,394,without_mask,286,62,317,100
augmented_image_130.jpg,960,960,with_mask,262,156,629,478
augmented_image_211 (2).jpg,277,405,without_mask,47,77,228,274
67-with-mask.jpg,225,225,with_mask,42,5,191,176
1623573509779.jpg,1600,1194,without_mask,787,26,921,201
1623573509779.jpg,1600,1194,with_basket,471,542,1562,1089
1623573923393_62_11zon.jpg,177,285,without_mask,28,27,54,60
1623573923393_62_11zon.jpg,177,285,with_basket,15,92,157,254
augmented_image_30.jpg,351,366,with_mask,58,54,266,294
287.jpg,327,433,without_mask,71,52,293,342
454-with-mask.jpg,320,433,with_mask,48,72,291,337
91.jpg,242,208,without_mask,65,31,181,166
augmented_image_208.jpg,320,428,with_mask,40,79,285,385
pr-antiviral-face-mask-20120321.jpg,300,228,with_mask,98,29,255,195
1623572820543_17_11zon.jpg,200,252,with_basket,10,35,180,239
299-with-mask.jpg,658,382,with_mask,152,32,380,251
387-with-mask.jpg,258,195,with_mask,74,47,173,164
augmented_image_72.jpg,640,480,with_mask,3,24,376,357
augmented_image_270 (2).jpg,320,428,without_mask,32,97,255,356
gettyimages-910391852-1024x1024.jpg,1024,683,without_mask,259,82,546,440
augmented_image_167.jpg,320,428,with_mask,32,81,297,374
42-with-mask.jpg,301,416,with_mask,3,66,279,381
pm3.jpg,2448,3264,without_mask,677,445,1935,1931
augmented_image_214 (2).jpg,271,338,without_mask,67,75,240,231
336-with-mask.jpg,150,178,with_mask,14,5,142,158
253.jpg,318,442,without_mask,28,76,264,353
image (2).jpg,620,330,without_mask,136,7,430,330
158.jpg,320,433,without_mask,47,69,303,365
1623131262547.jpg,800,533,with_mask,309,33,401,172
1623131262547.jpg,800,533,with_basket,67,349,297,528
340.jpg,320,428,without_mask,53,53,253,349
431-with-mask.jpg,301,499,with_mask,2,129,301,448
17.jpg,322,436,without_mask,20,74,279,386
augmented_image_307.jpg,224,240,without_mask,64,30,175,156
acbecb9b5cb35c08667430866e5d8c87.jpg,1080,1920,without_mask,139,302,819,1162
467-with-mask.jpg,298,452,with_mask,35,60,258,327
251-with-mask.jpg,388,489,with_mask,88,100,251,267
458-with-mask.jpg,538,521,with_mask,44,26,428,448
pm1.jpg,2448,3264,without_mask,704,252,2128,2007
augmented_image_136 (2).jpg,540,720,without_mask,166,106,412,385
augmented_image_172 (2).jpg,320,428,without_mask,38,64,305,352
38-with-mask.jpg,320,433,with_mask,32,71,293,369
1623510225778.jpg,1300,1065,with_mask,905,352,1021,511
1623510225778.jpg,1300,1065,with_basket,799,668,1265,992
augmented_image_305 (2).jpg,320,428,without_mask,48,78,263,371
1623574365745.jpg,408,612,without_mask,154,134,199,189
1623574365745.jpg,408,612,with_basket,128,289,351,564
266.jpg,320,433,without_mask,43,48,293,371
augmented_image_174 (2).jpg,320,428,without_mask,38,69,248,340
4-with-mask.jpg,311,429,with_mask,31,90,290,373
Indian-faces-0911.JPG,1260,837,without_mask,373,115,979,751
augmented_image_273 (2).jpg,320,428,without_mask,45,101,286,378
augmented_image_86.jpg,278,309,with_mask,42,20,201,190
augmented_image_275.jpg,320,428,without_mask,45,81,296,371
augmented_image_266.jpg,114,141,with_mask,1,25,103,126
271.jpg,290,174,without_mask,63,21,152,139
augmented_image_57.jpg,225,225,with_mask,36,10,191,178
augmented_image_126.jpg,318,442,with_mask,53,67,295,356
augmented_image_236 (2).jpg,320,428,without_mask,45,68,288,399
1623573883154_57_11zon.jpg,199,253,without_mask,138,18,161,44
1623573883154_57_11zon.jpg,199,253,with_basket,21,101,151,222
1623131577824.jpg,299,168,without_mask,78,5,113,47
1623131577824.jpg,299,168,with_basket,42,141,158,168
augmented_image_215.jpg,320,433,with_mask,44,45,287,359
200-with-mask.jpg,301,461,with_mask,87,33,252,220
1623572576766_3_11zon.jpg,246,205,with_basket,45,1,194,205
basket7.jpg,730,730,with_basket,43,126,691,661
augmented_image_41.jpg,297,455,with_mask,1,105,278,417
221-with-mask.jpg,320,428,with_mask,38,74,280,380
basket3.jpg,650,650,with_basket,56,158,341,436
basket3.jpg,650,650,with_basket,307,226,628,499
augmented_image_159.jpg,297,455,with_mask,35,105,297,417
204.jpg,327,433,without_mask,41,76,263,340
surgical-face-masks-special.jpg,1920,1080,with_mask,721,320,1189,863
augmented_image_25 (2).jpg,165,208,without_mask,35,25,121,132
gettyimages-484288068-1024x1024.jpg,1024,682,without_mask,500,74,872,541
1623131716462.jpg,275,183,with_mask,98,26,139,67
1623131716462.jpg,275,183,with_basket,84,116,207,183
83.jpg,327,433,without_mask,60,70,284,338
465.jpg,183,275,without_mask,14,32,176,231
385.jpg,275,183,without_mask,117,41,160,104
392-with-mask.jpg,320,428,with_mask,27,93,294,387
475-with-mask.jpg,327,433,with_mask,35,86,288,359
80-with-mask.jpg,167,249,with_mask,12,35,144,183
373.jpg,205,246,without_mask,50,49,160,179
augmented_image_194 (2).jpg,320,428,without_mask,28,90,287,386
1623574411269_73_11zon.jpg,183,276,without_mask,58,48,80,80
1623574411269_73_11zon.jpg,183,276,with_basket,59,126,168,273
basket24.jpg,1000,764,with_basket,202,139,761,678
311-with-mask.jpg,320,433,with_mask,46,61,287,347
12-with-mask.jpg,622,350,with_mask,231,145,383,258
augmented_image_210.jpg,291,384,with_mask,38,84,237,294
augmented_image_288.jpg,190,318,with_mask,40,70,189,224
augmented_image_38 (2).jpg,320,428,without_mask,58,81,304,356
361.jpg,320,433,without_mask,59,58,297,364
basket39.jpg,600,492,with_basket,212,246,515,475
augmented_image_178 (2).jpg,768,960,without_mask,269,1,757,470
1623131536050.jpg,177,285,without_mask,75,38,97,72
1623131536050.jpg,177,285,with_basket,13,126,104,262
augmented_image_238.jpg,525,350,with_mask,237,46,378,230
augmented_image_49.jpg,308,384,with_mask,1,79,228,347
443-with-mask.jpg,299,169,with_mask,96,38,217,162
augmented_image_105.jpg,327,475,with_mask,27,82,323,394
augmented_image_161.jpg,297,455,with_mask,2,79,297,427
122-with-mask.jpg,320,428,with_mask,50,60,295,358
augmented_image_65 (2).jpg,658,382,without_mask,319,26,497,246
basket9.jpg,300,300,with_basket,12,63,214,259
basket9.jpg,300,300,with_basket,107,39,286,216
augmented_image_316 (2).jpg,864,864,without_mask,26,214,411,646
augmented_image_200 (2).jpg,412,501,without_mask,33,69,330,452
1623573927852_63_11zon.jpg,177,285,without_mask,48,14,78,52
1623573927852_63_11zon.jpg,177,285,with_basket,12,106,161,264
395.jpg,168,299,without_mask,27,33,156,201
365.jpg,275,183,without_mask,89,28,191,141
314-with-mask.jpg,354,429,with_mask,37,80,288,327
182-with-mask.jpg,320,428,with_mask,31,75,282,376
augmented_image_216.jpg,320,433,with_mask,26,70,285,354
augmented_image_200.jpg,400,436,with_mask,33,105,259,325
augmented_image_252 (2).jpg,226,280,without_mask,32,70,154,190
474-with-mask.jpg,320,428,with_mask,50,76,298,349
augmented_image_308 (2).jpg,224,240,without_mask,43,17,167,155
395-with-mask.jpg,168,299,with_mask,19,33,164,214
33-with-mask.jpg,259,194,with_mask,38,6,182,177
1623496183793.jpg,237,213,with_basket,27,38,211,183
4517-face-mask-with-shield.jpg,1200,1200,with_mask,385,219,1041,952
316wzaj8NKL.jpg,250,250,with_mask,79,69,185,186
387.jpg,258,195,without_mask,71,40,172,168
augmented_image_69 (2).jpg,166,251,without_mask,31,42,125,169
augmented_image_132.jpg,960,960,with_mask,363,141,698,512
107-with-mask.jpg,320,433,with_mask,24,78,294,378
98.jpg,459,446,without_mask,59,110,363,431
augmented_image_199.jpg,400,436,with_mask,67,78,268,293
424-with-mask.jpg,640,480,with_mask,5,38,393,380
426-with-mask.jpg,511,496,with_mask,55,85,306,328
398.jpg,320,433,without_mask,19,30,298,361
134-with-mask.jpg,320,428,with_mask,39,90,286,375
basket44.jpg,1300,731,with_basket,952,372,1243,727
basket44.jpg,1300,731,without_mask,966,61,1056,151
basket44.jpg,1300,731,without_mask,920,137,987,219
augmented_image_2.jpg,205,251,with_mask,61,61,175,180
offset-870274.jpg,650,432,without_mask,79,28,419,402
augmented_image_10.jpg,320,428,with_mask,44,111,304,372
263.jpg,351,416,without_mask,21,117,229,361
1.jpg,846,480,without_mask,358,92,558,340
325.jpg,327,433,without_mask,41,66,292,381
augmented_image_12 (2).jpg,184,274,without_mask,40,48,166,173
augmented_image_207 (2).jpg,249,203,without_mask,51,45,198,186
1623131313438.jpg,259,194,with_mask,144,57,158,76
1623131313438.jpg,259,194,with_basket,117,98,168,190
186.jpg,327,433,without_mask,60,67,291,372
augmented_image_177 (2).jpg,768,960,without_mask,20,4,523,429
72-with-mask.jpg,320,428,with_mask,26,64,292,372
augmented_image_201 (2).jpg,412,501,without_mask,55,88,345,433
126-with-mask.jpg,320,433,with_mask,48,96,307,362
augmented_image_111 (2).jpg,320,428,without_mask,43,77,302,363
augmented_image_36 (2).jpg,576,960,without_mask,206,248,442,453
170-with-mask.jpg,203,248,with_mask,69,53,129,107
augmented_image_177.jpg,214,244,with_mask,23,38,153,190
1623572752878_11_11zon.jpg,200,250,without_mask,77,42,95,65
1623572752878_11_11zon.jpg,200,250,with_basket,68,95,161,223
1623573075687.jpg,1280,720,without_mask,313,55,385,159
1623573075687.jpg,1280,720,with_basket,302,358,562,720
1623573075687.jpg,1280,720,without_mask,880,78,953,174
1623573075687.jpg,1280,720,with_basket,835,247,1015,431
basket445.jpg,1200,675,with_basket,394,357,789,663
basket445.jpg,1200,675,without_mask,522,13,651,169
20pic5.jpg,420,329,without_mask,142,67,298,240
augmented_image_36.jpg,191,213,with_mask,59,46,152,135
augmented_image_315 (2).jpg,864,864,without_mask,19,132,408,625
augmented_image_162.jpg,297,455,with_mask,1,77,272,423
4514-face-mask-with-shield.jpg,1200,1200,with_mask,370,197,1049,873
1623573891019_58_11zon.jpg,196,257,without_mask,46,24,64,50
1623573891019_58_11zon.jpg,196,257,with_basket,71,107,172,225
augmented_image_202 (2).jpg,480,480,without_mask,132,79,379,299
Indian-faces-0503.JPG,1260,837,without_mask,368,153,1027,780
7.jpg,864,864,without_mask,31,125,450,635
augmented_image_168 (2).jpg,309,322,without_mask,29,77,225,237
augmented_image_92 (2).jpg,154,225,without_mask,22,36,130,170
5035463427-58547607b3-b.jpg,1024,683,without_mask,455,197,797,604
459-with-mask.jpg,480,640,with_mask,94,4,410,395
274-with-mask.jpg,327,433,with_mask,35,75,297,361
augmented_image_308.jpg,183,275,with_mask,58,46,147,154
241-with-mask.jpg,229,220,with_mask,77,30,161,140
augmented_image_103 (2).jpg,327,433,without_mask,51,60,294,327
163.jpg,320,433,without_mask,45,74,282,369
1623495009223.jpg,225,225,with_basket,51,18,159,201
100-with-mask.jpg,320,428,with_mask,36,67,288,354
augmented_image_32.jpg,353,344,with_mask,84,89,261,254
1623131316004.jpg,259,194,with_mask,109,13,129,40
1623131316004.jpg,259,194,with_basket,95,83,157,189
augmented_image_124.jpg,318,442,with_mask,30,112,269,355
basket46.jpg,1024,589,with_basket,371,202,985,579
298-with-mask.jpg,297,455,with_mask,1,91,268,414
175.jpg,225,225,without_mask,50,21,161,147
1623509077289.jpg,2000,2000,with_basket,573,33,1614,1885
479-with-mask.jpg,320,428,with_mask,50,73,299,384
augmented_image_253.jpg,236,297,without_mask,32,47,198,221
augmented_image_43 (2).jpg,189,258,without_mask,20,47,156,226
275.jpg,214,316,without_mask,23,43,192,244
401-with-mask.jpg,320,428,with_mask,28,90,312,380
258.jpg,320,428,without_mask,46,57,300,354
1623573830811_50_11zon.jpg,177,285,without_mask,86,2,112,37
1623573830811_50_11zon.jpg,177,285,with_basket,17,96,116,257
411-with-mask.jpg,114,141,with_mask,1,30,95,127
317.jpg,264,331,without_mask,38,30,207,261
augmented_image_17.jpg,259,194,with_mask,69,26,181,156
110.jpg,594,960,without_mask,113,120,302,378
augmented_image_85 (2).jpg,179,281,without_mask,52,39,134,141
1623573136739_34_11zon.jpg,194,259,without_mask,96,14,124,48
1623573136739_34_11zon.jpg,194,259,with_basket,11,142,87,249
6eefca69d02aea9bc8bd1fc9759a9721.jpg,692,1029,without_mask,37,92,692,1007
augmented_image_67.jpg,312,351,with_mask,40,43,262,274
basket32.jpg,1200,1200,with_mask,435,338,538,441
basket32.jpg,1200,1200,with_mask,550,335,641,408
basket32.jpg,1200,1200,with_basket,341,573,627,1052
basket32.jpg,1200,1200,with_basket,640,491,868,810
augmented_image_114.jpg,303,166,with_mask,59,2,246,166
augmented_image_134.jpg,320,428,with_mask,39,61,297,381
376-with-mask.jpg,320,428,with_mask,53,102,298,363
augmented_image_104.jpg,327,475,with_mask,24,82,323,394
1623573810362_47_11zon.jpg,225,225,with_basket,48,11,180,208
250.jpg,320,433,without_mask,59,80,301,363
18.jpg,236,285,without_mask,51,46,205,215
45-with-mask.jpg,320,428,with_mask,57,82,311,374
1lvl-1-surgical-mask-white-41805-front-copy.jpg,1500,1500,with_mask,447,389,1076,1065
171.jpg,318,442,without_mask,50,110,293,384
augmented_image_128 (2).jpg,320,433,without_mask,31,64,302,371
augmented_image_165 (2).jpg,320,428,without_mask,44,69,301,366
